/catalog/sredstva_dlya_stirki_i_dezinfektsii/gehwol_dezodorant_dlya_nog_sensitive/	/catalog/gigiena-ukhod/dezodorant-dlya-nog-i-obuvi-gehwol.html	301
/catalog/kosmetika/doktor_mozol_kosmeticheskoe_sredstvo_15ml/	/catalog/gigiena-ukhod/goluboy-balzam-gehwol.html	301
/catalog/aksessury_circaid/vnutrenniy_layner_circaid_undersleeve_silver_leg_na_bedro_i_golen_juss0/	/catalog/kompressionnyy-trikotazh/bandazhi-circaid/aksessuary-circaid/layner-circaid-undersleeve-silver-leg-na-bedro-i-golen-juss0.html	301
/catalog/aksessury_circaid/vneshniy_layner_na_nizhnyuyu_konechnost_cover_up_leg_ju5c/	/catalog/kompressionnyy-trikotazh/bandazhi-circaid/aksessuary-circaid/vneshniy-layner-na-nizhnyuyu-konechnost-cover-up-leg-ju5c.html	301
/catalog/aksessury_circaid/vneshniy_layner_na_verkhnyuyu_konechnost_cover_up_arm_ju5u/	/catalog/kompressionnyy-trikotazh/bandazhi-circaid/aksessuary-circaid/vneshniy-layner-na-verkhnyuyu-konechnost-cover-up-arm-ju5u.html	301
/catalog/kompressionnyy_trikotazh/filter/vid_izdeliya_1-is-e38da33c-d5ab-11e7-a1cc-873495794725-or-f2307eb8-d5ab-11e7-a1cc-873495794725/apply/	/catalog/kompressionnyy-trikotazh/chulki/	301
/catalog/lechebnyy_flebologicheskiy_elegance_plus_comfort_forte/filter/klass_kompressii_1-is-8b6b5b1b-7ab0-11e8-80fc-6cae8b7d58ba/vid_izdeliya_1-is-e38da33c-d5ab-11e7-a1cc-873495794725/apply/	/catalog/kompressionnyy-trikotazh/chulki/1kk/	301
/catalog/lechebnyy_flebologicheskiy_elegance_plus_comfort_forte/filter/klass_kompressii_1-is-930750fa-7ab0-11e8-80fc-6cae8b7d58ba/vid_izdeliya_1-is-e38da33c-d5ab-11e7-a1cc-873495794725/apply/	/catalog/kompressionnyy-trikotazh/chulki/2kk/	301
/catalog/lechebnyy_flebologicheskiy_elegance_plus_comfort_forte/filter/klass_kompressii_1-is-930750fa-7ab0-11e8-80fc-6cae8b7d58ba/vid_izdeliya_1-is-e38da33c-d5ab-11e7-a1cc-873495794725-or-f2307eb8-d5ab-11e7-a1cc-873495794725/apply/	/catalog/kompressionnyy-trikotazh/chulki/2kk/	301
/catalog/lechebnyy_flebologicheskiy_elegance_plus_comfort_forte/filter/klass_kompressii_1-is-930750fb-7ab0-11e8-80fc-6cae8b7d58ba/vid_izdeliya_1-is-e38da33c-d5ab-11e7-a1cc-873495794725-or-f2307eb8-d5ab-11e7-a1cc-873495794725/apply/	/catalog/kompressionnyy-trikotazh/chulki/3kk/	301
/catalog/lechebnyy_flebologicheskiy_elegance_plus_comfort_forte/filter/vid_izdeliya_1-is-e38da33c-d5ab-11e7-a1cc-873495794725/modelnyy_ryad_1-is-b9f431e0-7aaf-11e8-80fc-6cae8b7d58ba/apply/	/catalog/kompressionnyy-trikotazh/chulki/comfort/	301
/catalog/lechebnyy_flebologicheskiy_elegance_plus_comfort_forte/filter/vid_izdeliya_1-is-e38da33c-d5ab-11e7-a1cc-873495794725-or-f2307eb8-d5ab-11e7-a1cc-873495794725/modelnyy_ryad_1-is-94f5d51c-7aaf-11e8-80fc-6cae8b7d58ba/apply/	/catalog/kompressionnyy-trikotazh/chulki/duomed/	301
/catalog/lechebnyy_flebologicheskiy_elegance_plus_comfort_forte/filter/vid_izdeliya_1-is-e38da33c-d5ab-11e7-a1cc-873495794725/modelnyy_ryad_1-is-c38e65e3-7aaf-11e8-80fc-6cae8b7d58ba/apply/	/catalog/kompressionnyy-trikotazh/chulki/elegance/	301
/catalog/novogodnie-skidki-do-30/kompressionnye-chulki-mediven-plus-s-otkrytym-noskom-men-2-klass.html	/catalog/kompressionnyy-trikotazh/chulki/kompressionnye-chulki-mediven-plus-2-klass-s-otkrytym-noskom.html	301
"/catalog/gospitalnyy_thrombexin_18_struva_23_35/chulki_antiembolicheskie_mediven_thrombexin_18/"""	/catalog/kompressionnyy-trikotazh/chulki/kompressionnye-chulki-mediven-thrombexin-18.html	301
/catalog/gospitalnyy_thrombexin_18_struva_23_35/chulok_antiembolicheskiy_s_zastezhkoy_na_talii_mediven_struva_35/	/catalog/kompressionnyy-trikotazh/chulki/kompressionnyy-chulok-mediven-struva-35.html	301
/catalog/kompressionnyy_trikotazh/filter/vid_izdeliya_1-is-e38da33c-d5ab-11e7-a1cc-873495794725-or-f2307eb8-d5ab-11e7-a1cc-873495794725/pol_2-is-e36b97e3-761d-11e8-80fc-6cae8b7d58ba-or-d523db65-8bfb-11e8-80fc-6cae8b7d58ba/apply/	/catalog/kompressionnyy-trikotazh/chulki/men/	301
/catalog/lechebnyy_flebologicheskiy_elegance_plus_comfort_forte/filter/vid_izdeliya_1-is-e38da33c-d5ab-11e7-a1cc-873495794725-or-f2307eb8-d5ab-11e7-a1cc-873495794725/modelnyy_ryad_1-is-d49e664b-7aaf-11e8-80fc-6cae8b7d58ba/apply/	/catalog/kompressionnyy-trikotazh/chulki/plus/	301
/catalog/kompressionnyy_trikotazh/filter/pol_2-is-dc8273a5-761d-11e8-80fc-6cae8b7d58ba-or-d523db65-8bfb-11e8-80fc-6cae8b7d58ba/apply/	/catalog/kompressionnyy-trikotazh/filter/for_who-is-4f58682c-9343-11e9-8110-e03f49499b1d/apply/	301
/catalog/lechebnyy_flebologicheskiy_elegance_plus_comfort_forte/filter/pol_2-is-dc8273a5-761d-11e8-80fc-6cae8b7d58ba/apply/	/catalog/kompressionnyy-trikotazh/filter/for_who-is-4f58682c-9343-11e9-8110-e03f49499b1d/series-is-824921e4-9f45-11e9-8113-e03f49499b1d-or-7b7075ee-9f45-11e9-8113-e03f49499b1d-or-8f582868-9f45-11e9-8113-e03f49499b1d-or-88c283c1-9f45-11e9-8113-e03f49499b1d-or-72d3c0fa-9f45-11e9-8113-e03f49499b1d-or-58162910-9f45-11e9-8113-e03f49499b1d/apply/	301
/catalog/kompressionnyy_trikotazh/filter/pol_2-is-e36b97e3-761d-11e8-80fc-6cae8b7d58ba/apply/	/catalog/kompressionnyy-trikotazh/filter/for_who-is-4f58682d-9343-11e9-8110-e03f49499b1d/apply/	301
/catalog/kompressionnyy_trikotazh/filter/pol_2-is-e36b97e3-761d-11e8-80fc-6cae8b7d58ba-or-d523db65-8bfb-11e8-80fc-6cae8b7d58ba/apply/	/catalog/kompressionnyy-trikotazh/filter/for_who-is-4f58682d-9343-11e9-8110-e03f49499b1d/apply/	301
/catalog/lechebnyy_flebologicheskiy_elegance_plus_comfort_forte/filter/pol_2-is-e36b97e3-761d-11e8-80fc-6cae8b7d58ba/apply/	/catalog/kompressionnyy-trikotazh/filter/for_who-is-4f58682d-9343-11e9-8110-e03f49499b1d/series-is-824921e4-9f45-11e9-8113-e03f49499b1d-or-7b7075ee-9f45-11e9-8113-e03f49499b1d-or-8f582868-9f45-11e9-8113-e03f49499b1d-or-88c283c1-9f45-11e9-8113-e03f49499b1d-or-72d3c0fa-9f45-11e9-8113-e03f49499b1d-or-58162910-9f45-11e9-8113-e03f49499b1d/apply/	301
/catalog/kompressionnyy_trikotazh/filter/brend-is-d18fb8c9-d5c1-11e7-a1cc-873495794725/apply/	/catalog/kompressionnyy-trikotazh/filter/kk-is-62454bd5-7cb0-11e9-810f-e03f49499b1d/series-is-6b9257d5-b91f-11e9-8113-e03f49499b1d/apply/	301
/catalog/gospitalnyy_thrombexin_18_struva_23_35/filter/vid_izdeliya_1-is-ffdd36ca-d5ab-11e7-a1cc-873495794725-or-106a383a-d5be-11e7-a1cc-873495794725/apply/	/catalog/kompressionnyy-trikotazh/filter/product_type-is-8cf0eb65-7cac-11e9-810f-e03f49499b1d-or-8cf0eb66-7cac-11e9-810f-e03f49499b1d/series-is-25f34485-b91f-11e9-8113-e03f49499b1d/apply/	301
/catalog/profilakticheskiy_mj_1_medi_travel/filter/vid_izdeliya_1-is-106a383a-d5be-11e7-a1cc-873495794725/apply/	/catalog/kompressionnyy-trikotazh/filter/product_type-is-8cf0eb66-7cac-11e9-810f-e03f49499b1d/kk-is-62454bd5-7cb0-11e9-810f-e03f49499b1d/apply/	301
/catalog/profilakticheskiy_mj_1_medi_travel/filter/vid_izdeliya_1-is-f2307eb9-d5ab-11e7-a1cc-873495794725/apply/	/catalog/kompressionnyy-trikotazh/filter/product_type-is-9bb8ad75-7cac-11e9-810f-e03f49499b1d/kk-is-62454bd5-7cb0-11e9-810f-e03f49499b1d/apply/	301
/catalog/kosmetologicheskiy/filter/vid_izdeliya_1-is-3698c9c4-d5ac-11e7-a1cc-873495794725-or-0f68108e-6284-11e8-80fb-6cae8b7d58ba/apply/	/catalog/kompressionnyy-trikotazh/filter/product_type-is-b3ce4483-7cac-11e9-810f-e03f49499b1d-or-be1ffb6b-7cac-11e9-810f-e03f49499b1d/series-is-314b3129-b91f-11e9-8113-e03f49499b1d/apply/	301
/catalog/gospitalnyy_thrombexin_18_struva_23_35/filter/vid_izdeliya_1-is-e38da33c-d5ab-11e7-a1cc-873495794725/apply/	/catalog/kompressionnyy-trikotazh/filter/product_type-is-c7f0f23f-7cac-11e9-810f-e03f49499b1d-or-c7f0f240-7cac-11e9-810f-e03f49499b1d/series-is-25f34485-b91f-11e9-8113-e03f49499b1d/apply/	301
/catalog/profilakticheskiy_mj_1_medi_travel/filter/vid_izdeliya_1-is-e38da33c-d5ab-11e7-a1cc-873495794725/apply/	/catalog/kompressionnyy-trikotazh/filter/product_type-is-c7f0f240-7cac-11e9-810f-e03f49499b1d/kk-is-62454bd5-7cb0-11e9-810f-e03f49499b1d/apply/	301
/catalog/lechebnyy_flebologicheskiy_elegance_plus_comfort_forte/filter/vid_izdeliya_1-is-e38da33c-d5ab-11e7-a1cc-873495794725-or-f2307eb8-d5ab-11e7-a1cc-873495794725/dlya_beremennykh_1-is-true/apply/	/catalog/kompressionnyy-trikotazh/filter/product_type-is-c7f0f240-7cac-11e9-810f-e03f49499b1d-or-c7f0f23f-7cac-11e9-810f-e03f49499b1d/use_for-is-67fa2d8c-df8f-11e9-8115-e03f49499b1d/apply/	301
/catalog/gospitalnyy_thrombexin_18_struva_23_35/filter/vid_izdeliya_1-is-e38da33c-d5ab-11e7-a1cc-873495794725-or-f2307eb8-d5ab-11e7-a1cc-873495794725/dlya_beremennykh_1-is-true/apply/	/catalog/kompressionnyy-trikotazh/filter/series-is-25f34485-b91f-11e9-8113-e03f49499b1d-or-1f463906-b91f-11e9-8113-e03f49499b1d/use_for-is-2c6b80e1-e036-11e9-8115-e03f49499b1d/apply/	301
/catalog/kompressionnyy_trikotazh/filter/modelnyy_ryad_1-is-94f5d51c-7aaf-11e8-80fc-6cae8b7d58ba/apply/	/catalog/kompressionnyy-trikotazh/filter/series-is-58162910-9f45-11e9-8113-e03f49499b1d/apply/	301
/catalog/lechebnyy_flebologicheskiy_elegance_plus_comfort_forte/filter/modelnyy_ryad_1-is-94f5d51c-7aaf-11e8-80fc-6cae8b7d58ba/apply/	/catalog/kompressionnyy-trikotazh/filter/series-is-58162910-9f45-11e9-8113-e03f49499b1d/apply/	301
/catalog/lechebnyy_flebologicheskiy_elegance_plus_comfort_forte/filter/modelnyy_ryad_1-is-94f5d51c-7aaf-11e8-80fc-6cae8b7d58ba/dlya_beremennykh_1-is-true/apply/	/catalog/kompressionnyy-trikotazh/filter/series-is-58162910-9f45-11e9-8113-e03f49499b1d/apply/	301
/catalog/kompressionnyy_trikotazh/filter/modelnyy_ryad_1-is-b9f431e0-7aaf-11e8-80fc-6cae8b7d58ba/apply/	/catalog/kompressionnyy-trikotazh/filter/series-is-7b7075ee-9f45-11e9-8113-e03f49499b1d/apply/	301
/catalog/lechebnyy_flebologicheskiy_elegance_plus_comfort_forte/filter/klass_kompressii_1-is-8b6b5b1b-7ab0-11e8-80fc-6cae8b7d58ba-or-930750fa-7ab0-11e8-80fc-6cae8b7d58ba/modelnyy_ryad_1-is-b9f431e0-7aaf-11e8-80fc-6cae8b7d58ba/apply/	/catalog/kompressionnyy-trikotazh/filter/series-is-7b7075ee-9f45-11e9-8113-e03f49499b1d/apply/	301
/catalog/lechebnyy_flebologicheskiy_elegance_plus_comfort_forte/filter/modelnyy_ryad_1-is-b9f431e0-7aaf-11e8-80fc-6cae8b7d58ba/apply/	/catalog/kompressionnyy-trikotazh/filter/series-is-7b7075ee-9f45-11e9-8113-e03f49499b1d/apply/	301
/catalog/lechebnyy_flebologicheskiy_elegance_plus_comfort_forte/filter/klass_kompressii_1-is-8b6b5b1b-7ab0-11e8-80fc-6cae8b7d58ba-or-930750fa-7ab0-11e8-80fc-6cae8b7d58ba/modelnyy_ryad_1-is-c38e65e3-7aaf-11e8-80fc-6cae8b7d58ba/apply/	/catalog/kompressionnyy-trikotazh/filter/series-is-824921e4-9f45-11e9-8113-e03f49499b1d/apply/	301
/catalog/lechebnyy_flebologicheskiy_elegance_plus_comfort_forte/filter/modelnyy_ryad_1-is-c38e65e3-7aaf-11e8-80fc-6cae8b7d58ba/apply/	/catalog/kompressionnyy-trikotazh/filter/series-is-824921e4-9f45-11e9-8113-e03f49499b1d/apply/	301
/catalog/kompressionnyy_trikotazh/filter/modelnyy_ryad_1-is-ccb6255f-7aaf-11e8-80fc-6cae8b7d58ba/apply/	/catalog/kompressionnyy-trikotazh/filter/series-is-88c283c1-9f45-11e9-8113-e03f49499b1d/apply/	301
/catalog/kompressionnyy_trikotazh/filter/modelnyy_ryad_1-is-d49e664b-7aaf-11e8-80fc-6cae8b7d58ba/apply/	/catalog/kompressionnyy-trikotazh/filter/series-is-8f582868-9f45-11e9-8113-e03f49499b1d/apply/	301
/catalog/lechebnyy_flebologicheskiy_elegance_plus_comfort_forte/filter/modelnyy_ryad_1-is-d49e664b-7aaf-11e8-80fc-6cae8b7d58ba/apply/	/catalog/kompressionnyy-trikotazh/filter/series-is-8f582868-9f45-11e9-8113-e03f49499b1d/apply/	301
/catalog/kompressionnyy_trikotazh/filter/dlya_beremennykh_1-is-true/apply/	/catalog/kompressionnyy-trikotazh/filter/use_for-is-67fa2d8c-df8f-11e9-8115-e03f49499b1d/apply/	301
/catalog/kompressionnyy_trikotazh/filter/klass_kompressii_1-is-8b6b5b1b-7ab0-11e8-80fc-6cae8b7d58ba/vid_izdeliya_1-is-106a383a-d5be-11e7-a1cc-873495794725/naznachenie-is-a1c68c52-d5a7-11e7-a1cc-873495794725/apply/	/catalog/kompressionnyy-trikotazh/golfy/	301
/catalog/kompressionnyy_trikotazh/filter/vid_izdeliya_1-is-ffdd36ca-d5ab-11e7-a1cc-873495794725-or-106a383a-d5be-11e7-a1cc-873495794725/apply/	/catalog/kompressionnyy-trikotazh/golfy/	301
/catalog/lechebnyy_flebologicheskiy_elegance_plus_comfort_forte/filter/klass_kompressii_1-is-8b6b5b1b-7ab0-11e8-80fc-6cae8b7d58ba/vid_izdeliya_1-is-106a383a-d5be-11e7-a1cc-873495794725/apply/	/catalog/kompressionnyy-trikotazh/golfy/1kk/	301
/catalog/kompressionnyy_trikotazh/filter/klass_kompressii_1-is-930750fa-7ab0-11e8-80fc-6cae8b7d58ba/vid_izdeliya_1-is-106a383a-d5be-11e7-a1cc-873495794725/naznachenie-is-a1c68c52-d5a7-11e7-a1cc-873495794725/apply/	/catalog/kompressionnyy-trikotazh/golfy/2kk/	301
/catalog/lechebnyy_flebologicheskiy_elegance_plus_comfort_forte/filter/klass_kompressii_1-is-930750fa-7ab0-11e8-80fc-6cae8b7d58ba/vid_izdeliya_1-is-106a383a-d5be-11e7-a1cc-873495794725/apply/	/catalog/kompressionnyy-trikotazh/golfy/2kk/	301
/catalog/lechebnyy_flebologicheskiy_elegance_plus_comfort_forte/filter/klass_kompressii_1-is-930750fb-7ab0-11e8-80fc-6cae8b7d58ba/vid_izdeliya_1-is-106a383a-d5be-11e7-a1cc-873495794725/apply/	/catalog/kompressionnyy-trikotazh/golfy/3kk/	301
/catalog/kompressionnyy_trikotazh/filter/modelnyy_ryad_1-is-ad4e5795-7aaf-11e8-80fc-6cae8b7d58ba/apply/	/catalog/kompressionnyy-trikotazh/golfy/active/	301
/catalog/lechebnyy_flebologicheskiy_elegance_plus_comfort_forte/filter/modelnyy_ryad_1-is-ad4e5795-7aaf-11e8-80fc-6cae8b7d58ba/apply/	/catalog/kompressionnyy-trikotazh/golfy/active/	301
/catalog/lechebnyy_flebologicheskiy_elegance_plus_comfort_forte/filter/vid_izdeliya_1-is-106a383a-d5be-11e7-a1cc-873495794725/modelnyy_ryad_1-is-ad4e5795-7aaf-11e8-80fc-6cae8b7d58ba/apply/	/catalog/kompressionnyy-trikotazh/golfy/active/	301
/catalog/lechebnyy_flebologicheskiy_elegance_plus_comfort_forte/filter/vid_izdeliya_1-is-106a383a-d5be-11e7-a1cc-873495794725/modelnyy_ryad_1-is-b9f431e0-7aaf-11e8-80fc-6cae8b7d58ba/apply/	/catalog/kompressionnyy-trikotazh/golfy/comfort/	301
/catalog/lechebnyy_flebologicheskiy_elegance_plus_comfort_forte/filter/vid_izdeliya_1-is-106a383a-d5be-11e7-a1cc-873495794725/modelnyy_ryad_1-is-94f5d51c-7aaf-11e8-80fc-6cae8b7d58ba/apply/	/catalog/kompressionnyy-trikotazh/golfy/duomed/	301
/catalog/lechebnyy_flebologicheskiy_elegance_plus_comfort_forte/filter/vid_izdeliya_1-is-106a383a-d5be-11e7-a1cc-873495794725/modelnyy_ryad_1-is-c38e65e3-7aaf-11e8-80fc-6cae8b7d58ba/apply/	/catalog/kompressionnyy-trikotazh/golfy/elegance/	301
/catalog/kompressionnyy_trikotazh/filter/vid_izdeliya_1-is-106a383a-d5be-11e7-a1cc-873495794725/pol_2-is-e36b97e3-761d-11e8-80fc-6cae8b7d58ba/apply/	/catalog/kompressionnyy-trikotazh/golfy/men/	301
/catalog/kompressionnyy_trikotazh/filter/vid_izdeliya_1-is-ffdd36ca-d5ab-11e7-a1cc-873495794725-or-106a383a-d5be-11e7-a1cc-873495794725/pol_2-is-e36b97e3-761d-11e8-80fc-6cae8b7d58ba-or-d523db65-8bfb-11e8-80fc-6cae8b7d58ba/apply/	/catalog/kompressionnyy-trikotazh/golfy/men/	301
/catalog/lechebnyy_flebologicheskiy_elegance_plus_comfort_forte/filter/vid_izdeliya_1-is-106a383a-d5be-11e7-a1cc-873495794725/pol_2-is-e36b97e3-761d-11e8-80fc-6cae8b7d58ba/apply/	/catalog/kompressionnyy-trikotazh/golfy/men/	301
/catalog/lechebnyy_flebologicheskiy_elegance_plus_comfort_forte/filter/vid_izdeliya_1-is-106a383a-d5be-11e7-a1cc-873495794725/modelnyy_ryad_1-is-d49e664b-7aaf-11e8-80fc-6cae8b7d58ba/apply/	/catalog/kompressionnyy-trikotazh/golfy/plus/	301
/catalog/profilakticheskiy_mj_1_medi_travel/filter/modelnyy_ryad_1-is-a742f2fa-7aaf-11e8-80fc-6cae8b7d58ba/apply/	/catalog/kompressionnyy-trikotazh/golfy/travel/	301
/catalog/kompressionnyy_trikotazh/filter/vid_izdeliya_1-is-ffdd36ca-d5ab-11e7-a1cc-873495794725-or-106a383a-d5be-11e7-a1cc-873495794725/pol_2-is-dc8273a5-761d-11e8-80fc-6cae8b7d58ba-or-d523db65-8bfb-11e8-80fc-6cae8b7d58ba/apply/	/catalog/kompressionnyy-trikotazh/golfy/women/	301
/catalog/gospitalnyy_thrombexin_18_struva_23_35/filter/klass_kompressii_1-is-8b6b5b1b-7ab0-11e8-80fc-6cae8b7d58ba-or-930750fa-7ab0-11e8-80fc-6cae8b7d58ba-or-930750fb-7ab0-11e8-80fc-6cae8b7d58ba/apply/	/catalog/kompressionnyy-trikotazh/gospitalnyy/	301
/catalog/lechebnyy_flebologicheskiy_elegance_plus_comfort_forte/filter/klass_kompressii_1-is-8b6b5b1b-7ab0-11e8-80fc-6cae8b7d58ba/vid_izdeliya_1-is-f2307eb9-d5ab-11e7-a1cc-873495794725/apply/	/catalog/kompressionnyy-trikotazh/kolgotki/1kk/	301
/catalog/lechebnyy_flebologicheskiy_elegance_plus_comfort_forte/filter/klass_kompressii_1-is-930750fa-7ab0-11e8-80fc-6cae8b7d58ba/vid_izdeliya_1-is-f2307eb9-d5ab-11e7-a1cc-873495794725/apply/	/catalog/kompressionnyy-trikotazh/kolgotki/2kk/	301
/catalog/lechebnyy_flebologicheskiy_elegance_plus_comfort_forte/filter/klass_kompressii_1-is-930750fb-7ab0-11e8-80fc-6cae8b7d58ba/vid_izdeliya_1-is-f2307eb9-d5ab-11e7-a1cc-873495794725/apply/	/catalog/kompressionnyy-trikotazh/kolgotki/3kk/	301
/catalog/lechebnyy_flebologicheskiy_elegance_plus_comfort_forte/filter/vid_izdeliya_1-is-f2307eb9-d5ab-11e7-a1cc-873495794725/modelnyy_ryad_1-is-b9f431e0-7aaf-11e8-80fc-6cae8b7d58ba/apply/	/catalog/kompressionnyy-trikotazh/kolgotki/comfort/	301
/catalog/lechebnyy_flebologicheskiy_elegance_plus_comfort_forte/filter/vid_izdeliya_1-is-f2307eb9-d5ab-11e7-a1cc-873495794725/modelnyy_ryad_1-is-94f5d51c-7aaf-11e8-80fc-6cae8b7d58ba/apply/	/catalog/kompressionnyy-trikotazh/kolgotki/duomed/	301
/catalog/lechebnyy_flebologicheskiy_elegance_plus_comfort_forte/filter/vid_izdeliya_1-is-f2307eb9-d5ab-11e7-a1cc-873495794725/modelnyy_ryad_1-is-c38e65e3-7aaf-11e8-80fc-6cae8b7d58ba/apply/	/catalog/kompressionnyy-trikotazh/kolgotki/elegance/	301
/catalog/lechebnyy_flebologicheskiy_elegance_plus_comfort_forte/filter/vid_izdeliya_1-is-f2307eb9-d5ab-11e7-a1cc-873495794725/pol_2-is-dc8273a5-761d-11e8-80fc-6cae8b7d58ba-or-d523db65-8bfb-11e8-80fc-6cae8b7d58ba/apply/	/catalog/kompressionnyy-trikotazh/kolgotki/filter/for_who-is-4f58682c-9343-11e9-8110-e03f49499b1d/apply/	301
/catalog/lechebnyy_flebologicheskiy_elegance_plus_comfort_forte/filter/vid_izdeliya_1-is-f2307eb9-d5ab-11e7-a1cc-873495794725/dlya_beremennykh_1-is-true/apply/	/catalog/kompressionnyy-trikotazh/kolgotki/filter/use_for-is-18c1d67c-da27-11e9-8114-e03f49499b1d/apply/	301
/catalog/lechebnyy_flebologicheskiy_elegance_plus_comfort_forte/kompressionnye_kolgotki_mediven_elegance_s_zanizhennoy_taliey_1_klass_kompressii/	/catalog/kompressionnyy-trikotazh/kolgotki/kompressionnye-kolgotki-mediven-elegance-1-klass-s-zanizhennoy-taliey.html	301
/catalog/novogodnie-skidki-do-30/mediven-plus/kompressionnye-kolgotki-mediven-plus-otkr-nosok-1-klass.html	/catalog/kompressionnyy-trikotazh/kolgotki/kompressionnye-kolgotki-mediven-plus-1-klass-s-otkrytym-noskom.html	301
/catalog/lechebnyy_flebologicheskiy_elegance_plus_comfort_forte/filter/vid_izdeliya_1-is-f2307eb9-d5ab-11e7-a1cc-873495794725/modelnyy_ryad_1-is-d49e664b-7aaf-11e8-80fc-6cae8b7d58ba/apply/	/catalog/kompressionnyy-trikotazh/kolgotki/plus/	301
/catalog/kosmetologicheskiy/filter/vid_izdeliya_1-is-2d2e1117-d5ac-11e7-a1cc-873495794725/apply/	/catalog/kompressionnyy-trikotazh/kosmetologicheskiy/	301
/catalog/kosmetologicheskiy/filter/vid_izdeliya_1-is-2d2e1118-d5ac-11e7-a1cc-873495794725/apply/	/catalog/kompressionnyy-trikotazh/kosmetologicheskiy/	301
/catalog/kosmetologicheskiy/triko_kosmetologicheskoe_ot_grudi_do_shchikolotki_lipomed_basic/	/catalog/kompressionnyy-trikotazh/kosmetologicheskiy/	301
/catalog/kosmetologicheskiy/triko_kosmetologicheskoe_ot_poyasa_do_shchikolotki_lipomed/	/catalog/kompressionnyy-trikotazh/kosmetologicheskiy/	301
/catalog/kompressionnyy_trikotazh/filter/modelnyy_ryad_1-is-df7f3d33-7aaf-11e8-80fc-6cae8b7d58ba/apply/	/catalog/kompressionnyy-trikotazh/lechenie-yazv/	301
/catalog/kompressionnyy_trikotazh_1/filter/dlya_beremennykh_1-is-true/apply/	/catalog/kompressionnyy-trikotazh/pregnant/	301
/catalog/batlery_i_perchatki_dlya_kompressionnogo_trikotazha/prisposoblenie_dlya_nadevaniya_kompressionnogo_trikotazha_s_ruchkami_peremennoy_dliny_medi_butler_va/	/catalog/kompressionnyy-trikotazh/prisposobleniya/prisposoblenie-dlya-nadevaniya-kompressionnogo-trikotazha-medi-butler-vario.html	301
/catalog/limfologicheskiy/rukav_kombinirovannyy_kompressionnyy_mediven_armsleeve_1_kk/	/catalog/kompressionnyy-trikotazh/rukava-perchatki/kombinirovannyy-kompressionnyy-rukav-mediven-armsleeve-1-klass.html	301
/catalog/limfologicheskiy/kombinirovannyy_rukav_lechebnyy_kompressionnyy_mediven_armsleeve_2_kk/	/catalog/kompressionnyy-trikotazh/rukava-perchatki/kombinirovannyy-kompressionnyy-rukav-mediven-armsleeve-2-klass.html	301
/catalog/limfologicheskiy/kombinirovannyy_rukav_lechebnyy_kompressionnyy_mediven_armsleeve_s_naplechnikom_i_remnem_1_kk/	/catalog/kompressionnyy-trikotazh/rukava-perchatki/kombinirovannyy-rukav-mediven-armsleeve-1-klass-s-naplechnikom-remnem.html	301
/catalog/limfologicheskiy/rukav_lechebnyy_kompressionnyy_mediven_armsleeve_s_rezinkoy_na_silikone_1_kk/	/catalog/kompressionnyy-trikotazh/rukava-perchatki/kombinirovannyy-rukav-mediven-armsleeve-1-klass-s-silikonovoy-rezinkoy.html	301
/catalog/limfologicheskiy/kombinirovannyy_rukav_kompressionnyy_mediven_armsleeve_s_naplechnikom_i_remnem_2_kk/	/catalog/kompressionnyy-trikotazh/rukava-perchatki/kombinirovannyy-rukav-mediven-armsleeve-2-klass-s-naplechnikom-remnem.html	301
/catalog/limfologicheskie_rukava_i_perchatki/rukav_lechebnyy_kompressionnyy_mediven_armsleeve_s_rezinkoy_na_silikone_2_kk/	/catalog/kompressionnyy-trikotazh/rukava-perchatki/kombinirovannyy-rukav-mediven-armsleeve-2-klass-s-silikonovoy-rezinkoy.html	301
/catalog/limfologicheskiy/kombinirovannyy_rukav_lechebnyy_kompressionnyy_mediven_harmony_s_naplechnikom_i_remnem_1_kk/	/catalog/kompressionnyy-trikotazh/rukava-perchatki/kombinirovannyy-rukav-mediven-harmony-1-klass-s-naplechnikom-remnem.html	301
/catalog/limfologicheskiy/perchatka_lechebnaya_kompressionnaya_mediven_armsleeve_s_kompressionnymi_paltsami_1_kk/	/catalog/kompressionnyy-trikotazh/rukava-perchatki/kompressionnaya-perchatka-mediven-armsleeve-1-klass.html	301
/catalog/limfologicheskiy/perchatka_lechebnaya_kompressionnaya_mediven_armsleeve_s_kompressionnymi_paltsami_2_kk/	/catalog/kompressionnyy-trikotazh/rukava-perchatki/kompressionnaya-perchatka-mediven-armsleeve-2-klass.html	301
/catalog/limfologicheskiy/perchatka_lechebnaya_kompressionnaya_mediven_armsleeve_s_otkrytymi_paltsami_1_kk/	/catalog/kompressionnyy-trikotazh/rukava-perchatki/kompressionnaya-perchatka-mediven-armsleeve-s-otkrytymi-paltsami-1-klass.html	301
/catalog/limfologicheskiy/perchatka_lechebnaya_kompressionnaya_mediven_armsleeve_s_otkrytymi_paltsami_2_kk/	/catalog/kompressionnyy-trikotazh/rukava-perchatki/kompressionnaya-perchatka-mediven-armsleeve-s-otkrytymi-paltsami-2-klass.html	301
/catalog/limfologicheskiy/rukav_lechebnyy_kompressionnyy_mediven_armsleeve_1_kk_1/	/catalog/kompressionnyy-trikotazh/rukava-perchatki/kompressionnyy-rukav-mediven-armsleeve-1-klass.html	301
/catalog/limfologicheskiy/rukav_lechebnyy_kompressionnyy_mediven_armsleeve_s_naplechnikom_i_remnem_1_kk/	/catalog/kompressionnyy-trikotazh/rukava-perchatki/kompressionnyy-rukav-mediven-armsleeve-1-klass-s-naplechnikom-i-remnem.html	301
/catalog/limfologicheskiy/rukav_lechebnyy_mediven_armsleeve_s_rezinkoy_na_silikonovoy_osnove_1_kk/	/catalog/kompressionnyy-trikotazh/rukava-perchatki/kompressionnyy-rukav-mediven-armsleeve-1-klass-s-rezinkoy-na-silikonovoy-osnove.html	301
/catalog/limfologicheskiy/rukav_lechebnyy_kompressionnyy_mediven_armsleeve_2_kk/	/catalog/kompressionnyy-trikotazh/rukava-perchatki/kompressionnyy-rukav-mediven-armsleeve-2-klass.html	301
/catalog/limfologicheskiy/rukav_lechebnyy_kompressionnyy_mediven_armsleeve_s_naplechnikom_i_remnem_2_kk/	/catalog/kompressionnyy-trikotazh/rukava-perchatki/kompressionnyy-rukav-mediven-armsleeve-2-klass-s-naplechnikom-i-remnem.html	301
/catalog/limfologicheskiy/rukav_lechebnyy_mediven_armsleeve_s_rezinkoy_na_silikonovoy_osnove_2_kk/	/catalog/kompressionnyy-trikotazh/rukava-perchatki/kompressionnyy-rukav-mediven-armsleeve-2-klass-s-rezinkoy-na-silikonovoy-osnove.html	301
/catalog/lechebnyy_flebologicheskiy_elegance_plus_comfort_forte/filter/vid_izdeliya_1-is-11da9479-d5ac-11e7-a1cc-873495794725/modelnyy_ryad_1-is-d49e664b-7aaf-11e8-80fc-6cae8b7d58ba/apply/	/catalog/kompressionnyy-trikotazh/triko/	301
/catalog/kompressionnyy_trikotazh/filter/vid_izdeliya_1-is-11da9479-d5ac-11e7-a1cc-873495794725/apply/	/catalog/kompressionnyy-trikotazh/triko/filter/product_type-is-be1ffb6c-7cac-11e9-810f-e03f49499b1d/apply/	301
/catalog/kompressionnyy_trikotazh/filter/vid_izdeliya_1-is-11da9479-d5ac-11e7-a1cc-873495794725/pol_2-is-e36b97e3-761d-11e8-80fc-6cae8b7d58ba/apply/	/catalog/kompressionnyy-trikotazh/triko/filter/product_type-is-be1ffb6c-7cac-11e9-810f-e03f49499b1d/apply/	301
/catalog/lechebnyy_flebologicheskiy_elegance_plus_comfort_forte/filter/vid_izdeliya_1-is-11da9479-d5ac-11e7-a1cc-873495794725/pol_2-is-e36b97e3-761d-11e8-80fc-6cae8b7d58ba/apply/	/catalog/kompressionnyy-trikotazh/triko/filter/product_type-is-be1ffb6c-7cac-11e9-810f-e03f49499b1d/apply/	301
/catalog/myachi/myach_dlya_zanyatiy_lechebnoy_fizkulturoy_medvezhenok_m_314/	/catalog/massazhery-i-trenazhery/myachi-fitboly/myach-dlya-zanyatiy-lechebnoy-fizkulturoy-medvezhenok-m-314.html	301
/catalog/myachi/myach_dlya_zanyatiy_lechebnoy_fizkulturoy_medvezhonok_m_314/	/catalog/massazhery-i-trenazhery/myachi-fitboly/myach-dlya-zanyatiy-lechebnoy-fizkulturoy-medvezhenok-m-314.html	301
/catalog/massazhery/myach_massazhnyy_diametr_10_sm_m_110/	/catalog/massazhery-i-trenazhery/myachi-fitboly/myach-massazhnyy-diametr-10-sm-m-110.html	301
/catalog/massazhery/myach_massazhnyy_diametr_5_sm_m_105/	/catalog/massazhery-i-trenazhery/myachi-fitboly/myach-massazhnyy-diametr-5-sm-m-105.html	301
/catalog/massazhery/myach_massazhnyy_diametr_7_sm_m_107/	/catalog/massazhery-i-trenazhery/myachi-fitboly/myach-massazhnyy-diametr-7-sm-m-107.html	301
/catalog/massazhery/myach_massazhnyy_diametr_8_sm_m_108/	/catalog/massazhery-i-trenazhery/myachi-fitboly/myach-massazhnyy-diametr-8-sm-m-108.html	301
/catalog/massazhery/myach_massazhnyy_diametr_9_sm_m_109/	/catalog/massazhery-i-trenazhery/myachi-fitboly/myach-massazhnyy-diametr-9-sm-m-109.html	301
/catalog/dlya_zdorovogo_sna/filter/vid_izdeliya_1-is-487cf9c6-d5ac-11e7-a1cc-873495794725/apply/	/catalog/matrasy-podushki/	301
/catalog/ortopedicheskie_podushki_i_matrasy/filter/dlya_beremennykh_1-is-true/apply/	/catalog/matrasy-podushki/	301
/catalog/ortopedicheskie_podushki_i_matrasy/filter/naznachenie-is-5dc5d7d5-d5a8-11e7-a1cc-873495794725-or-208bc527-fb85-11e7-ab4e-df2a5213ff1a-or-3b50bb4f-fb85-11e7-ab4e-df2a5213ff1a/apply/	/catalog/matrasy-podushki/	301
/catalog/ortopedicheskie-podushki/	/catalog/matrasy-podushki/	301
/catalog/spetsializirovannye/filter/naznachenie-is-3ef53553-d5a8-11e7-a1cc-873495794725/apply/	/catalog/matrasy-podushki/	301
/catalog/ortopedicheskie_podushki_i_matrasy/filter/vid_izdeliya_1-is-487cf9c6-d5ac-11e7-a1cc-873495794725/apply/	/catalog/matrasy-podushki/podushki/	301
/catalog/dlya_zdorovogo_sna/navolochka_dlya_ortopedicheskoy_podushki_harmonie/	/catalog/matrasy-podushki/podushki/navolochka-dlya-ortopedicheskoy-podushki-harmonie.html	301
/catalog/dlya_zdorovogo_sna/navolochka_dlya_ortopedicheskoy_podushki_vitamin_plus/	/catalog/matrasy-podushki/podushki/navolochka-dlya-ortopedicheskoy-podushki-vitamin-plus.html	301
/catalog/dlya_zdorovogo_sna/navolochka_dlya_ortopedicheskoy_podushki_welle/	/catalog/matrasy-podushki/podushki/navolochka-dlya-ortopedicheskoy-podushki-welle.html	301
/catalog/kompressionnaya_odezhda_dlya_sporta_cep/filter/naznachenie-is-188153fb-d5a9-11e7-a1cc-873495794725/apply/	/catalog/odezhda-dlya-sporta/beg-fitnes/	301
/catalog/nizhniy_sloy/filter/vid_izdeliya_1-is-2d2e1117-d5ac-11e7-a1cc-873495794725-or-0493cdab-d5be-11e7-a1cc-873495794725/apply/	/catalog/odezhda-dlya-sporta/belye/filter/product_type-is-10b7fff8-b39a-11e9-8113-e03f49499b1d-or-2800b687-b39a-11e9-8113-e03f49499b1d-or-2467c7d9-b39d-11e9-8113-e03f49499b1d/apply/	301
/catalog/nizhniy_sloy/filter/vid_izdeliya_1-is-68fb5497-d5be-11e7-a1cc-873495794725-or-78920986-d5be-11e7-a1cc-873495794725-or-eee6a217-c313-11e8-80fe-6cae8b7d58ba/apply/	/catalog/odezhda-dlya-sporta/belye/filter/product_type-is-10b7fff8-b39a-11e9-8113-e03f49499b1d-or-2800b687-b39a-11e9-8113-e03f49499b1d-or-2467c7d9-b39d-11e9-8113-e03f49499b1d/apply/	301
/catalog/kompressionnaya_odezhda_dlya_sporta_cep/filter/vid_izdeliya_1-is-68fb5497-d5be-11e7-a1cc-873495794725-or-78920986-d5be-11e7-a1cc-873495794725-or-eee6a217-c313-11e8-80fe-6cae8b7d58ba/naznachenie-is-58452614-d5ab-11e7-a1cc-873495794725/apply/	/catalog/odezhda-dlya-sporta/belye/filter/use_for-is-c50dc207-99b3-11e9-8111-e03f49499b1d/apply/	301
/catalog/osnovnoy_sloy/c620w_funktsionalnye_taytsy_cep_dlya_zanyatiy_sportom_zhenskie/	/catalog/odezhda-dlya-sporta/belye/zhenskie-kompressionnye-taytsy-cep-dlya-bega.html	301
/catalog/kompressionnaya_odezhda_dlya_sporta_cep/filter/vid_izdeliya_1-is-377fd3cb-d5be-11e7-a1cc-873495794725/apply/	/catalog/odezhda-dlya-sporta/filter/product_type-is-1c0b35a5-b39a-11e9-8113-e03f49499b1d/apply/	301
/catalog/osnovnoy_sloy/filter/vid_izdeliya_1-is-377fd3cb-d5be-11e7-a1cc-873495794725/apply/	/catalog/odezhda-dlya-sporta/filter/product_type-is-1c0b35a5-b39a-11e9-8113-e03f49499b1d/apply/	301
/catalog/kompressionnaya_odezhda_dlya_sporta_cep/filter/vid_izdeliya_1-is-377fd3cb-d5be-11e7-a1cc-873495794725/pol_2-is-dc8273a5-761d-11e8-80fc-6cae8b7d58ba/apply/	/catalog/odezhda-dlya-sporta/filter/product_type-is-1c0b35a5-b39a-11e9-8113-e03f49499b1d/for_who-is-4f58682c-9343-11e9-8110-e03f49499b1d/apply/	301
/catalog/kompressionnaya_odezhda_dlya_sporta_cep/filter/vid_izdeliya_1-is-a2cf7dcb-d5be-11e7-a1cc-873495794725/naznachenie-is-58452613-d5ab-11e7-a1cc-873495794725/apply/	/catalog/odezhda-dlya-sporta/filter/product_type-is-3208d896-b39a-11e9-8113-e03f49499b1d/use_for-is-a0f02e6c-99b3-11e9-8111-e03f49499b1d/apply/	301
/catalog/kompressionnaya_odezhda_dlya_sporta_cep/filter/vid_izdeliya_1-is-a2cf7dcb-d5be-11e7-a1cc-873495794725/naznachenie-is-58452614-d5ab-11e7-a1cc-873495794725/apply/	/catalog/odezhda-dlya-sporta/filter/product_type-is-3208d896-b39a-11e9-8113-e03f49499b1d/use_for-is-c50dc207-99b3-11e9-8111-e03f49499b1d/apply/	301
/catalog/kompressionnaya_odezhda_dlya_sporta_cep/filter/vid_izdeliya_1-is-106a383a-d5be-11e7-a1cc-873495794725-or-6f1e5008-d5be-11e7-a1cc-873495794725/naznachenie-is-58452614-d5ab-11e7-a1cc-873495794725/apply/	/catalog/odezhda-dlya-sporta/filter/product_type-is-8cf0eb66-7cac-11e9-810f-e03f49499b1d-or-1157fcbc-ac8e-11e9-8113-e03f49499b1d/use_for-is-c50dc207-99b3-11e9-8111-e03f49499b1d/apply/	301
/catalog/golfy_noski_getry/filter/vid_izdeliya_1-is-066a4039-d5ac-11e7-a1cc-873495794725-or-6f1e5008-d5be-11e7-a1cc-873495794725/apply/	/catalog/odezhda-dlya-sporta/filter/product_type-is-8cf0eb66-7cac-11e9-810f-e03f49499b1d-or-2f1d45d2-ac8e-11e9-8113-e03f49499b1d/apply/	301
/catalog/kompressionnaya_odezhda_dlya_sporta_cep/filter/vid_izdeliya_1-is-2d2e1117-d5ac-11e7-a1cc-873495794725-or-377fd3cb-d5be-11e7-a1cc-873495794725/apply/	/catalog/odezhda-dlya-sporta/filter/product_type-is-b3ce4482-7cac-11e9-810f-e03f49499b1d-or-1c0b35a5-b39a-11e9-8113-e03f49499b1d/apply/	301
/catalog/nizhniy_sloy/filter/vid_izdeliya_1-is-2d2e1118-d5ac-11e7-a1cc-873495794725/apply/	/catalog/odezhda-dlya-sporta/filter/product_type-is-d1996192-7cac-11e9-810f-e03f49499b1d/apply/	301
/catalog/kompressionnaya_odezhda_dlya_sporta_cep/filter/vid_izdeliya_1-is-2d2e1118-d5ac-11e7-a1cc-873495794725/pol_2-is-dc8273a5-761d-11e8-80fc-6cae8b7d58ba/apply/	/catalog/odezhda-dlya-sporta/filter/product_type-is-d1996192-7cac-11e9-810f-e03f49499b1d/for_who-is-4f58682c-9343-11e9-8110-e03f49499b1d/apply/	301
/catalog/kompressionnaya_odezhda_dlya_sporta_cep/filter/vid_izdeliya_1-is-2d2e1118-d5ac-11e7-a1cc-873495794725/pol_2-is-e36b97e3-761d-11e8-80fc-6cae8b7d58ba/apply/	/catalog/odezhda-dlya-sporta/filter/product_type-is-d1996192-7cac-11e9-810f-e03f49499b1d/for_who-is-4f58682d-9343-11e9-8110-e03f49499b1d/apply/	301
/catalog/kompressionnaya_odezhda_dlya_sporta_cep/filter/vid_izdeliya_1-is-2d2e1118-d5ac-11e7-a1cc-873495794725/naznachenie-is-188153fb-d5a9-11e7-a1cc-873495794725/apply/	/catalog/odezhda-dlya-sporta/filter/product_type-is-d1996192-7cac-11e9-810f-e03f49499b1d/use_for-is-a0f02e6b-99b3-11e9-8111-e03f49499b1d-or-d2b568a2-99b3-11e9-8111-e03f49499b1d/apply/	301
/catalog/kompressionnaya_odezhda_dlya_sporta_cep/filter/vid_izdeliya_1-is-2d2e1118-d5ac-11e7-a1cc-873495794725-or-68fb5497-d5be-11e7-a1cc-873495794725/naznachenie-is-58452613-d5ab-11e7-a1cc-873495794725/apply/	/catalog/odezhda-dlya-sporta/filter/product_type-is-d1996192-7cac-11e9-810f-e03f49499b1d/use_for-is-a0f02e6c-99b3-11e9-8111-e03f49499b1d/apply/	301
/catalog/kompressionnaya_odezhda_dlya_sporta_cep/filter/vid_izdeliya_1-is-2d2e1118-d5ac-11e7-a1cc-873495794725/naznachenie-is-58452614-d5ab-11e7-a1cc-873495794725/apply/	/catalog/odezhda-dlya-sporta/filter/product_type-is-d1996192-7cac-11e9-810f-e03f49499b1d/use_for-is-c50dc207-99b3-11e9-8111-e03f49499b1d/apply/	301
/catalog/kompressionnaya_odezhda_dlya_sporta_cep/filter/vid_izdeliya_1-is-6f1e5009-d5be-11e7-a1cc-873495794725/apply/	/catalog/odezhda-dlya-sporta/futbolki-polo/	301
/catalog/nizhniy_sloy/filter/vid_izdeliya_1-is-6f1e5009-d5be-11e7-a1cc-873495794725-or-44d4e01f-61c9-11e9-8106-6cae8b7d58ba/apply/	/catalog/odezhda-dlya-sporta/futbolki-polo/	301
/catalog/osnovnoy_sloy/filter/vid_izdeliya_1-is-6f1e5009-d5be-11e7-a1cc-873495794725/apply/	/catalog/odezhda-dlya-sporta/futbolki-polo/	301
/catalog/osnovnoy_sloy/c8dw_futbolka_cep_dlya_zanyatiy_sportom_s_originalnym_dizaynom_zhenskaya/	/catalog/odezhda-dlya-sporta/futbolki-polo/zhenskaya-futbolka-cep-dlya-zanyatiy-sportom-s-originalnym-dizaynom.html	301
/catalog/nizhniy_sloy/c81w_ultralyegkaya_futbolka_cep_s_dlinnymi_rukavami_zhenskaya/	/catalog/odezhda-dlya-sporta/futbolki-polo/zhenskaya-ultralyegkaya-futbolka-cep-s-dlinnymi-rukavami.html	301
/catalog/nizhniy_sloy/c80w_ultralyegkaya_futbolka_cep_s_korotkimi_rukavami_zhenskaya/	/catalog/odezhda-dlya-sporta/futbolki-polo/zhenskaya-ultralyegkaya-futbolka-cep-s-korotkimi-rukavami.html	301
/catalog/osnovnoy_sloy/cb82w_polo_cep_zhenskoe/	/catalog/odezhda-dlya-sporta/futbolki-polo/zhenskoe-polo-cep.html	301
/catalog/golfy_noski_getry/filter/vid_izdeliya_1-is-6f1e5008-d5be-11e7-a1cc-873495794725/apply/	/catalog/odezhda-dlya-sporta/getry/	301
/catalog/kompressionnaya_odezhda_dlya_sporta_cep/filter/vid_izdeliya_1-is-6f1e5008-d5be-11e7-a1cc-873495794725/apply/	/catalog/odezhda-dlya-sporta/getry/	301
/catalog/golfy_noski_getry/filter/vid_izdeliya_1-is-6f1e5008-d5be-11e7-a1cc-873495794725/pol_2-is-dc8273a5-761d-11e8-80fc-6cae8b7d58ba-or-d523db65-8bfb-11e8-80fc-6cae8b7d58ba/apply/	/catalog/odezhda-dlya-sporta/getry/filter/for_who-is-4f58682c-9343-11e9-8110-e03f49499b1d/apply/	301
/catalog/golfy_noski_getry/cs08u_kompressionnaya_getra_cep_na_golenostop/	/catalog/odezhda-dlya-sporta/getry/kompressionnaya-getra-cep-na-golenostop.html	301
/catalog/golfy_noski_getry/cs09u_kompressionnaya_getra_cep_pf_na_golenostop/	/catalog/odezhda-dlya-sporta/getry/kompressionnaya-getra-cep-pf-na-golenostop.html	301
/catalog/golfy_noski_getry/cs09u_kompressionnaya_getra_cep_pf_na_golenostop/?offer=66488	/catalog/odezhda-dlya-sporta/getry/kompressionnaya-getra-cep-pf-na-golenostop.html	301
/catalog/golfy_noski_getry/filter/vid_izdeliya_1-is-6f1e5008-d5be-11e7-a1cc-873495794725/pol_2-is-e36b97e3-761d-11e8-80fc-6cae8b7d58ba-or-d523db65-8bfb-11e8-80fc-6cae8b7d58ba/apply/	/catalog/odezhda-dlya-sporta/getry/men/	301
/catalog/golfy_noski_getry/filter/vid_izdeliya_1-is-106a383a-d5be-11e7-a1cc-873495794725/apply/	/catalog/odezhda-dlya-sporta/golfy/	301
/catalog/kompressionnaya_odezhda_dlya_sporta_cep/filter/vid_izdeliya_1-is-106a383a-d5be-11e7-a1cc-873495794725/apply/	/catalog/odezhda-dlya-sporta/golfy/	301
/catalog/kompressionnaya_odezhda_dlya_sporta_cep/filter/vid_izdeliya_1-is-106a383a-d5be-11e7-a1cc-873495794725-or-6f1e5008-d5be-11e7-a1cc-873495794725/naznachenie-is-58452613-d5ab-11e7-a1cc-873495794725/apply/	/catalog/odezhda-dlya-sporta/golfy/filter/use_for-is-a0f02e6c-99b3-11e9-8111-e03f49499b1d/apply/	301
/catalog/golfy_noski_getry/filter/vid_izdeliya_1-is-106a383a-d5be-11e7-a1cc-873495794725/pol_2-is-e36b97e3-761d-11e8-80fc-6cae8b7d58ba/apply/	/catalog/odezhda-dlya-sporta/golfy/men/	301
/catalog/golfy_noski_getry/c120m_kompressionnye_golfy_cep_dlya_zanyatiy_sportom_universalnye_muzhskie/	/catalog/odezhda-dlya-sporta/golfy/muzhskie-kompressionnye-golfy-cep-dlya-zanyatiy-sportom-universalnye.html	301
/catalog/golfy_noski_getry/filter/vid_izdeliya_1-is-106a383a-d5be-11e7-a1cc-873495794725/pol_2-is-dc8273a5-761d-11e8-80fc-6cae8b7d58ba/apply/	/catalog/odezhda-dlya-sporta/golfy/women/	301
/catalog/sportivnyy-trikotazh-cep/kompressionnye-golfy-cep/kompressionnye-golfy-cep-nighttech-dlya-bega-so-svetootrazhatelyami-zhenskie.html	/catalog/odezhda-dlya-sporta/golfy/zhenskie-kompressionnye-golfy-cep-dlya-bega-v-temnoe-vremya-sutok.html	301
/catalog/golfy_noski_getry/filter/naznachenie-is-6f780e78-d5ab-11e7-a1cc-873495794725/apply/	/catalog/odezhda-dlya-sporta/gornolyzhnyy/	301
/catalog/golfy_noski_getry/filter/vid_izdeliya_1-is-066a4039-d5ac-11e7-a1cc-873495794725/apply/	/catalog/odezhda-dlya-sporta/noski/	301
/catalog/kompressionnaya_odezhda_dlya_sporta_cep/filter/vid_izdeliya_1-is-066a4039-d5ac-11e7-a1cc-873495794725/apply/	/catalog/odezhda-dlya-sporta/noski/	301
/catalog/golfy_noski_getry/c59um_funktsionalnye_korotkie_noski_cep_dlya_aktivnogo_otdykha_na_prirode_tonkie_s_sherstyu_merino/	/catalog/odezhda-dlya-sporta/noski/muzhskie-korotkie-noski-cep-dlya-aktivnogo-otdykha-tonkie-s-sherstyu-merinosa.html	301
/catalog/golfy_noski_getry/c090m_funktsionalnye_korotkie_noski_cep_dlya_zanyatiy_sportom_muzhskie/	/catalog/odezhda-dlya-sporta/noski/muzhskie-korotkie-noski-cep-dlya-zanyatiy-sportom.html	301
/catalog/golfy_noski_getry/c09um_funktsionalnye_korotkie_noski_cep_dlya_zanyatiy_sportom_ultratonkie_muzhskie/	/catalog/odezhda-dlya-sporta/noski/muzhskie-korotkie-noski-cep-dlya-zanyatiy-sportom-ultratonkie.html	301
/catalog/golfy_noski_getry/c003w_funktsionalnye_ultrakorotkie_noski_cep_zhenskie/	/catalog/odezhda-dlya-sporta/noski/zhenskie-kompressionnye-ultrakorotkie-noski-cep.html	301
/catalog/golfy_noski_getry/c09mw_funktsionalnye_korotkie_noski_cep_s_sherstyu_merinosa_zhenskie/	/catalog/odezhda-dlya-sporta/noski/zhenskie-korotkie-noski-cep-s-sherstyu-merinosa.html	301
/catalog/kompressionnaya_odezhda_dlya_sporta_cep/filter/vid_izdeliya_1-is-89d38e86-d5be-11e7-a1cc-873495794725-or-94c64c7f-d5be-11e7-a1cc-873495794725/apply/	/catalog/odezhda-dlya-sporta/rukava-manzhety/	301
/catalog/kompressionnaya_odezhda_dlya_sporta_cep/filter/vid_izdeliya_1-is-89d38e86-d5be-11e7-a1cc-873495794725-or-94c64c7f-d5be-11e7-a1cc-873495794725/naznachenie-is-58452613-d5ab-11e7-a1cc-873495794725/apply/	/catalog/odezhda-dlya-sporta/rukava-manzhety/	301
/catalog/kompressionnaya_odezhda_dlya_sporta_cep/filter/vid_izdeliya_1-is-2d2e1117-d5ac-11e7-a1cc-873495794725/apply/	/catalog/odezhda-dlya-sporta/shorty-bridzhi/	301
/catalog/kompressionnaya_odezhda_dlya_sporta_cep/filter/vid_izdeliya_1-is-2d2e1118-d5ac-11e7-a1cc-873495794725/apply/	/catalog/odezhda-dlya-sporta/shorty-bridzhi/filter/product_type-is-d1996192-7cac-11e9-810f-e03f49499b1d/apply/	301
/catalog/osnovnoy_sloy/c610m_funktsionalnye_bridzhi_3_4_cep_dlya_zanyatiy_sportom_muzhskie/	/catalog/odezhda-dlya-sporta/shorty-bridzhi/muzhskie-bridzhi-3-4-cep-dlya-zanyatiy-sportom.html	301
/catalog/osnovnoy_sloy/c47m_funktsionalnye_shorty_cep_2_v_1_dlya_bega_muzhskie/	/catalog/odezhda-dlya-sporta/shorty-bridzhi/shorty-muzhskie-cep-2-v-1-dlya-bega.html	301
/catalog/osnovnoy_sloy/c48m_funktsionalnye_shorty_cep_2_v_1_dlya_bega_muzhskie/	/catalog/odezhda-dlya-sporta/shorty-bridzhi/shorty-muzhskie-cep-2-v-1-dlya-bega.html	301
/catalog/osnovnoy_sloy/c47w_funktsionalnye_shorty_cep_2_v_1_dlya_bega_zhenskie/	/catalog/odezhda-dlya-sporta/shorty-bridzhi/zhenskie-shorty-cep-2-v-1.html	301
/catalog/kompressionnaya_odezhda_dlya_sporta_cep/filter/naznachenie-is-58452614-d5ab-11e7-a1cc-873495794725/apply/	/catalog/odezhda-dlya-sporta/triatlon/	301
/catalog/kompressionnaya_odezhda_dlya_sporta_cep/filter/naznachenie-is-58452613-d5ab-11e7-a1cc-873495794725/apply/	/catalog/odezhda-dlya-sporta/velosport/	301
/catalog/kompressionnaya_odezhda_dlya_sporta_cep/filter/vid_izdeliya_1-is-78920987-d5be-11e7-a1cc-873495794725/apply/	/catalog/odezhda-dlya-sporta/verkhnyaya-odezhda/	301
/catalog/kompressionnaya_odezhda_dlya_sporta_cep/filter/vid_izdeliya_1-is-812c4fc5-d5be-11e7-a1cc-873495794725/apply/	/catalog/odezhda-dlya-sporta/verkhnyaya-odezhda/	301
/catalog/verkhnyaya_odezhda/cb87m_vetrovka_cep_muzhskaya/	/catalog/odezhda-dlya-sporta/verkhnyaya-odezhda/muzhskaya-vetrovka-cep.html	301
/catalog/ortopedicheskaya_i_komfortnaya_obuv/?curPos=25&srchPat%25255B1010%25255D=1&PAGEN_1=5	/catalog/ortopedicheskaya-obuv/	301
/catalog/ortopedicheskaya_i_komfortnaya_obuv/?curPos=25&srchPat%255B1010%255D=1&PAGEN_1=12	/catalog/ortopedicheskaya-obuv/	301
/catalog/detskaya_obuv_1/botinki_ortopedicheskie_demisezonnye_dlya_malchika_83294_14_25/	/catalog/ortopedicheskaya-obuv/detskaya/botinki/botinki-detskie-demisezonnye-orthoboom.html	301
/catalog/detskaya_obuv_1/botinki_zimnie_dlya_malchika_or_82795_24/	/catalog/ortopedicheskaya-obuv/detskaya/botinki/botinki-detskie-demisezonnye-orthoboom.html	301
/catalog/detskaya_obuv_1/botinki_ortopedicheskie_dlya_devochki_81597_32_03/	/catalog/ortopedicheskaya-obuv/detskaya/botinki/botinki-dlya-devochki-vsesezonnye-orthoboom-orkhideya.html	301
/catalog/detskaya_obuv_1/botinki_ortopedicheskie_dlya_devochki_81597_32_16/	/catalog/ortopedicheskaya-obuv/detskaya/botinki/botinki-profilakticheskie-dlya-devochki-demisezonnye-orthoboom-veygela.html	301
/catalog/detskaya_obuv_1/botinki_zimnie_dlya_malchika_ob_61595_44_1/	/catalog/ortopedicheskaya-obuv/detskaya/botinki/botinki-zimnie-dlya-malchika-orthoboom.html	301
/catalog/detskaya_obuv_1/filter/vid_izdeliya_1-is-9d0d47cb-d5bd-11e7-a1cc-873495794725-or-9d0d47cc-d5bd-11e7-a1cc-873495794725/pol_2-is-dc8273a5-761d-11e8-80fc-6cae8b7d58ba/apply/	/catalog/ortopedicheskaya-obuv/detskaya/botinki/filter/for_who-is-5eca3389-9343-11e9-8110-e03f49499b1d/apply/	301
/catalog/detskaya_obuv_1/domashnyaya_obuv_emmen_detskaya_977/	/catalog/ortopedicheskaya-obuv/detskaya/domashnyaya/domashnyaya-obuv-dlya-devochki-afs-emmen.html	301
/catalog/detskaya_obuv_1/filter/vid_izdeliya_1-is-9d0d47cb-d5bd-11e7-a1cc-873495794725-or-9d0d47cc-d5bd-11e7-a1cc-873495794725-or-a78555b9-d5bd-11e7-a1cc-873495794725/apply/	/catalog/ortopedicheskaya-obuv/detskaya/filter/product_type-is-de06e78b-7cab-11e9-810f-e03f49499b1d-or-ee6d838b-7cab-11e9-810f-e03f49499b1d-or-0ebec0e9-7cac-11e9-810f-e03f49499b1d/apply/	301
/catalog/detskaya_obuv_1/filter/vid_izdeliya_1-is-8f213bdc-d5bd-11e7-a1cc-873495794725-or-95dcd008-d5bd-11e7-a1cc-873495794725/apply/	/catalog/ortopedicheskaya-obuv/detskaya/filter/season-is-41120ea1-9256-11e9-8110-e03f49499b1d/apply/	301
/catalog/detskaya_obuv_1/filter/vid_izdeliya_1-is-d4cec403-b762-11e8-80fe-6cae8b7d58ba/apply/	/catalog/ortopedicheskaya-obuv/detskaya/krossovki/	301
/catalog/detskaya_obuv_1/krossovki_dlya_malchika_35037_01_gsp/	/catalog/ortopedicheskaya-obuv/detskaya/krossovki/krossovki-profilakticheskie-dlya-malchika-vsesezonnye-orthoboom.html	301
/catalog/detskaya_obuv_1/krossovki_vsesezonnye_or_33034_01_sin/	/catalog/ortopedicheskaya-obuv/detskaya/krossovki/krossovki-vsesezonnye-profilakticheskie-dlya-malchika-orthoboom.html	301
/catalog/detskaya_obuv_1/filter/vid_izdeliya_1-is-9d0d47cb-d5bd-11e7-a1cc-873495794725/apply/	/catalog/ortopedicheskaya-obuv/detskaya/polubotinki/	301
/catalog/detskaya_obuv_1/polubotinki_dlya_malchika_97794_39_54/	/catalog/ortopedicheskaya-obuv/detskaya/polubotinki/polubotinki-profilakticheskie-demisezonnye-dlya-malchika-orthoboom-serye.html	301
/catalog/detskaya_obuv_1/polusapogi_dlya_malchika_67055_01/	/catalog/ortopedicheskaya-obuv/detskaya/polusapogi/polusapogi-dlya-malchika-zimnie-orthoboom.html	301
/catalog/detskaya_obuv_1/polusapogi_uniseks_61795_48_12/	/catalog/ortopedicheskaya-obuv/detskaya/polusapogi/polusapogi-profilakticheskie-detskie-zimnie-orthoboom.html	301
/catalog/detskaya_obuv_1/polusapogi_dlya_devochki_63055_01_19/	/catalog/ortopedicheskaya-obuv/detskaya/polusapogi/polusapogi-profilakticheskie-dlya-devochki-zimnie-orthoboom.html	301
/catalog/detskaya_obuv_1/polusapogi_ortopedicheskie_zimnie_dlya_devochki_63395_43/	/catalog/ortopedicheskaya-obuv/detskaya/polusapogi/polusapogi-profilakticheskie-dlya-devochki-zimnie-orthoboom-siren.html	301
/catalog/detskaya_obuv_1/polusapogi_ortopedicheskie_zimnie_dlya_devochki_63375_21/	/catalog/ortopedicheskaya-obuv/detskaya/polusapogi/polusapogi-profilakticheskie-dlya-devochki-zimnie-orthoboom-tsiniya.html	301
/catalog/detskaya_obuv_1/polusapogi_zimnie_dlya_malchika_or_67775_45_ssp/	/catalog/ortopedicheskaya-obuv/detskaya/polusapogi/polusapogi-profilakticheskie-dlya-malchika-zimnie-orthoboom-serye.html	301
/catalog/detskaya_obuv_1/polusapogi_dlya_malchika_61795_48/	/catalog/ortopedicheskaya-obuv/detskaya/polusapogi/polusapogi-profilakticheskie-dlya-malchika-zimnie-orthoboom-sinie.html	301
/catalog/detskaya_obuv_1/polusapogi_universalnye_63055_01_23/	/catalog/ortopedicheskaya-obuv/detskaya/polusapogi/polusapogi-profilakticheskie-zimnie-detskie-orthoboom.html	301
/catalog/detskaya_obuv_1/polusapogi_dlya_devochki_63055_01_18/	/catalog/ortopedicheskaya-obuv/detskaya/polusapogi/polusapogi-profilakticheskie-zimnie-dlya-devochki-orthoboom.html	301
/catalog/detskaya_obuv_1/polusapogi_dlya_malchika_63295_20/	/catalog/ortopedicheskaya-obuv/detskaya/polusapogi/polusapogi-zimnie-profilakticheskie-dlya-malchika-orthoboom-sinie.html	301
/catalog/detskaya_obuv_1/sandalii_letnie_dlya_malchika_71057_07/	/catalog/ortopedicheskaya-obuv/detskaya/sandalii/sandalii-dlya-malchika-letnie-orthoboom-toliman.html	301
/catalog/detskaya_obuv_1/sandalii_ortopedicheskie_dlya_devochki_43397_4_04/	/catalog/ortopedicheskaya-obuv/detskaya/sandalii/sandalii-letnie-profilakticheskie-dlya-devochki-orthoboom-rozovye.html	301
/catalog/detskaya_obuv_1/sandalii_profilakticheskie_dlya_devochki_43397_4_14/	/catalog/ortopedicheskaya-obuv/detskaya/sandalii/sandalii-profilakticheskie-dlya-devochki-letnie-orthoboom-rozovye.html	301
/catalog/detskaya_obuv_1/sandalii_letnie_malchikovye_25057_03/	/catalog/ortopedicheskaya-obuv/detskaya/sandalii/sandalii-profilakticheskie-dlya-malchika-letnie-orthoboom.html	301
/catalog/detskaya_obuv_1/sandalii_letnie_malchikovye_25057_10/	/catalog/ortopedicheskaya-obuv/detskaya/sandalii/sandalii-profilakticheskie-dlya-malchika-letnie-orthoboom-regul.html	301
/catalog/detskaya_obuv_1/filter/vid_izdeliya_1-is-8516be69-d5bd-11e7-a1cc-873495794725/apply/	/catalog/ortopedicheskaya-obuv/detskaya/tufli/	301
/catalog/detskaya_obuv_1/tufli_dlya_malchika_47597_11/	/catalog/ortopedicheskaya-obuv/detskaya/tufli/tufli-profilakticheskie-dlya-malchika-vsesezonnye-orthoboom-kapitan.html	301
/catalog/detskaya_obuv_1/tufli_vsesezonnye_or_47397_11_atz/	/catalog/ortopedicheskaya-obuv/detskaya/tufli/tufli-profilakticheskie-vsesezonnye-dlya-malchika-orthoboom.html	301
/catalog/ortopedicheskaya_i_komfortnaya_obuv/filter/hallus_valgus-is-true/apply/	/catalog/ortopedicheskaya-obuv/filter/for_who-is-4f58682c-9343-11e9-8110-e03f49499b1d-or-4f58682d-9343-11e9-8110-e03f49499b1d/use_for-is-4e6a13c3-da25-11e9-8114-e03f49499b1d/apply/	301
/catalog/ortopedicheskaya_i_komfortnaya_obuv/filter/vid_izdeliya_1-is-8516be69-d5bd-11e7-a1cc-873495794725-or-9dfe7479-e5e3-11e9-810b-6cae8b7d58ba/apply/	/catalog/ortopedicheskaya-obuv/filter/product_type-is-ca5b6f19-7cab-11e9-810f-e03f49499b1d-or-d57309e6-7cab-11e9-810f-e03f49499b1d-or-e7bda5b2-7cab-11e9-810f-e03f49499b1d-or-0ebec0ea-7cac-11e9-810f-e03f49499b1d-or-3d1d0025-cb06-11e9-8114-e03f49499b1d/apply/	301
/catalog/ortopedicheskaya_i_komfortnaya_obuv/filter/vid_izdeliya_1-is-8f213bdc-d5bd-11e7-a1cc-873495794725-or-95dcd008-d5bd-11e7-a1cc-873495794725-or-9dfe7479-e5e3-11e9-810b-6cae8b7d58ba/apply/	/catalog/ortopedicheskaya-obuv/filter/product_type-is-ca5b6f19-7cab-11e9-810f-e03f49499b1d-or-d57309e6-7cab-11e9-810f-e03f49499b1d-or-e7bda5b2-7cab-11e9-810f-e03f49499b1d-or-0ebec0ea-7cac-11e9-810f-e03f49499b1d-or-3d1d0025-cb06-11e9-8114-e03f49499b1d/apply/	301
/catalog/ortopedicheskaya_i_komfortnaya_obuv/filter/vid_izdeliya_1-is-8f213bdc-d5bd-11e7-a1cc-873495794725-or-9dfe7479-e5e3-11e9-810b-6cae8b7d58ba/apply/	/catalog/ortopedicheskaya-obuv/filter/product_type-is-ca5b6f19-7cab-11e9-810f-e03f49499b1d-or-d57309e6-7cab-11e9-810f-e03f49499b1d-or-e7bda5b2-7cab-11e9-810f-e03f49499b1d-or-0ebec0ea-7cac-11e9-810f-e03f49499b1d-or-3d1d0025-cb06-11e9-8114-e03f49499b1d/apply/	301
/catalog/ortopedicheskaya_i_komfortnaya_obuv/filter/vid_izdeliya_1-is-9d0d47cb-d5bd-11e7-a1cc-873495794725-or-9d0d47cc-d5bd-11e7-a1cc-873495794725/sezon-is-38e3539a-075f-11e9-8103-6cae8b7d58ba/apply/	/catalog/ortopedicheskaya-obuv/filter/product_type-is-ee6d838b-7cab-11e9-810f-e03f49499b1d/season-is-4abff76f-9256-11e9-8110-e03f49499b1d/apply/	301
/catalog/ortopedicheskaya_i_komfortnaya_obuv/filter/vid_izdeliya_1-is-a78555b9-d5bd-11e7-a1cc-873495794725-or-a78555ba-d5bd-11e7-a1cc-873495794725/sezon-is-38e3539a-075f-11e9-8103-6cae8b7d58ba/apply/	/catalog/ortopedicheskaya-obuv/filter/season-is-4abff76f-9256-11e9-8110-e03f49499b1d/apply/	301
/catalog/ortopedicheskaya_i_komfortnaya_obuv/filter/sezon-is-41727d38-075f-11e9-8103-6cae8b7d58ba/apply/	/catalog/ortopedicheskaya-obuv/filter/season-is-5980917b-9256-11e9-8110-e03f49499b1d/apply/	301
/catalog/ortopedicheskaya_i_komfortnaya_obuv/filter/vid_izdeliya_1-is-9d0d47cb-d5bd-11e7-a1cc-873495794725-or-9d0d47cc-d5bd-11e7-a1cc-873495794725-or-a78555b9-d5bd-11e7-a1cc-873495794725-or-a78555ba-d5bd-11e7-a1cc-873495794725/apply/	/catalog/ortopedicheskaya-obuv/filter/season-is-5980917b-9256-11e9-8110-e03f49499b1d/apply/	301
/catalog/zhenskaya_obuv/filter/dlya_beremennykh_1-is-true/apply/	/catalog/ortopedicheskaya-obuv/filter/use_for-is-18c1d67c-da27-11e9-8114-e03f49499b1d/apply/	301
/catalog/ortopedicheskaya_i_komfortnaya_obuv/filter/naznachenie-is-980caba1-fb84-11e7-ab4e-df2a5213ff1a/apply/	/catalog/ortopedicheskaya-obuv/filter/use_for-is-24e45759-da27-11e9-8114-e03f49499b1d/apply/	301
/catalog/ortopedicheskaya_i_komfortnaya_obuv/filter/naznachenie-is-5a6db095-fb84-11e7-ab4e-df2a5213ff1a/apply/	/catalog/ortopedicheskaya-obuv/filter/use_for-is-540c4435-da26-11e9-8114-e03f49499b1d/apply/	301
/catalog/ortopedicheskaya_i_komfortnaya_obuv/filter/naznachenie-is-a05b8fe5-fb84-11e7-ab4e-df2a5213ff1a/apply/	/catalog/ortopedicheskaya-obuv/filter/use_for-is-5f9a3ea4-da25-11e9-8114-e03f49499b1d/apply/	301
/catalog/muzhskaya_obuv/domashnyaya_obuv_muzhskaya_afs_emmen_12770921/	/catalog/ortopedicheskaya-obuv/muzhskaya/domashnyaya/domashnyaya-obuv-muzhskaya-afs-emmen-seraya.html	301
/catalog/muzhskaya_obuv/filter/vid_izdeliya_1-is-95dcd008-d5bd-11e7-a1cc-873495794725/apply/	/catalog/ortopedicheskaya-obuv/muzhskaya/sabo/	301
/catalog/muzhskaya_obuv/sabo_vsesezonnye_sambre_professionalnye/	/catalog/ortopedicheskaya-obuv/muzhskaya/sabo/	301
/catalog/muzhskaya_obuv/sandalii_muzhskie_afs_hof_17770780/	/catalog/ortopedicheskaya-obuv/muzhskaya/sabo/sabo-muzhskie-vsesezonnye-afs-hof.html	301
/catalog/muzhskaya_obuv/sabo_vsesezonnye_muzhskie_man_special_s_78051_1/	/catalog/ortopedicheskaya-obuv/muzhskaya/sabo/sabo-muzhskie-vsesezonnye-solidus-man-special.html	301
/catalog/muzhskaya_obuv/sabo_vsesezonnye_muzhskie_man_special_s_78067_1/	/catalog/ortopedicheskaya-obuv/muzhskaya/sabo/sabo-muzhskie-vsesezonnye-solidus-man-special-chyernye.html	301
/catalog/muzhskaya_obuv/sabo_vsesezonnye_bremen_muzhskie/	/catalog/ortopedicheskaya-obuv/muzhskaya/sabo/sabo-vsesezonnye-muzhskie-afs-bremen.html	301
/catalog/muzhskaya_obuv/sandalii_letnie_muzhskie_man_special_street_s_77000_1/	/catalog/ortopedicheskaya-obuv/muzhskaya/sandalii/sandalii-letnie-muzhskie-solidus-man-special-street.html	301
/catalog/ortopedicheskaya-obuv/obuv-dlya-vzroslykh/povsednevnaya/zhenskie-botinki-solidus-hanna-zamsha.html	/catalog/ortopedicheskaya-obuv/zhenskaya/botinki/botinki-zhenskie-demisezonnye-solidus-helia-stiefel.html	301
/catalog/zhenskaya_obuv/botinki_demisezonnye_karo_stiefel_zhenskie_s_42013_2/	/catalog/ortopedicheskaya-obuv/zhenskaya/botinki/botinki-zhenskie-demisezonnye-solidus-karo.html	301
/catalog/zhenskaya_obuv/botinki_demisezonnye_kate_stiefel_zhenskie_s_29020_1/	/catalog/ortopedicheskaya-obuv/zhenskaya/botinki/botinki-zhenskie-demisezonnye-solidus-kate-stiefel-chyernye.html	301
/catalog/zhenskaya_obuv/zhenskie_zimnie_botinki_solidus_kaja_stiefel/	/catalog/ortopedicheskaya-obuv/zhenskaya/botinki/botinki-zhenskie-zimnie-solidus-kaja-stiefel.html	301
/catalog/ortopedicheskaya_obuv_1/domashnyaya_obuv_zhenskaya_emmen_w_12730907/	/catalog/ortopedicheskaya-obuv/zhenskaya/domashnyaya/domashnyaya-obuv-zhenskaya-afs-emmen-krasnaya.html	301
/catalog/ortopedicheskaya_obuv_1/domashnyaya_obuv_zhenskaya_emmen_w_12730977/	/catalog/ortopedicheskaya-obuv/zhenskaya/domashnyaya/domashnyaya-obuv-zhenskaya-afs-emmen-rozovaya.html	301
/catalog/ortopedicheskaya_i_komfortnaya_obuv/filter/vid_izdeliya_1-is-95dcd008-d5bd-11e7-a1cc-873495794725-or-b159a732-d5bd-11e7-a1cc-873495794725/vozrastnaya_gruppa-is-822fda7c-d5bf-11e7-a1cc-873495794725/apply/	/catalog/ortopedicheskaya-obuv/zhenskaya/filter/product_type-is-e7bda5b2-7cab-11e9-810f-e03f49499b1d-or-c9e063d8-b80b-11e9-8113-e03f49499b1d/apply/	301
/catalog/ortopedicheskaya_obuv_1/polubotinki_legkie_demisezonnye_kate_s_29001_1/	/catalog/ortopedicheskaya-obuv/zhenskaya/polubotinki/	301
/catalog/ortopedicheskaya_obuv_1/polubotinki_legkie_demisezonnye_kate_s_29001_2/	/catalog/ortopedicheskaya-obuv/zhenskaya/polubotinki/	301
/catalog/zhenskaya_obuv/filter/vid_izdeliya_1-is-9d0d47cb-d5bd-11e7-a1cc-873495794725/apply/	/catalog/ortopedicheskaya-obuv/zhenskaya/polubotinki/	301
/catalog/ortopedicheskaya_obuv_1/polubotinki_legkie_demisezonnye_kaja_s_32001_1/	/catalog/ortopedicheskaya-obuv/zhenskaya/polubotinki/polubotinki-demisezonnye-zhenskie-solidus-kaja-serye.html	301
/catalog/ortopedicheskaya_obuv_1/polubotinki_slippony_demisezonnye_legkie_zhenskie_kaja_s_32004_2/	/catalog/ortopedicheskaya-obuv/zhenskaya/polubotinki/polubotinki-demisezonnye-zhenskie-solidus-kaja-sinie.html	301
/catalog/ortopedicheskaya_obuv_1/polubotinki_demisezonnnye_legkie_zhenskie_kate_solicare_soft_s_29506_6/	/catalog/ortopedicheskaya-obuv/zhenskaya/polubotinki/polubotinki-demisezonnye-zhenskie-solidus-kate-solicare-soft-chyernye.html	301
/catalog/ortopedicheskaya_obuv_1/polubotinki_lyegkie_zhenskie_heaven_s_27001_1/	/catalog/ortopedicheskaya-obuv/zhenskaya/polubotinki/polubotinki-zhenskie-demisezonnye-solidus-heaven-belye.html	301
/catalog/ortopedicheskaya_obuv_1/polubotinki_demisezonnye_hedda_solicare_soft_zhenskie_s_26530_5/	/catalog/ortopedicheskaya-obuv/zhenskaya/polubotinki/polubotinki-zhenskie-demisezonnye-solidus-hedda-solicare-soft.html	301
/catalog/ortopedicheskaya_obuv_1/polubotinki_slippony_demisezonnye_legkie_zhenskie_kaja_s_32001_2/	/catalog/ortopedicheskaya-obuv/zhenskaya/polubotinki/polubotinki-zhenskie-demisezonnye-solidus-kaja-golubye.html	301
/catalog/ortopedicheskaya_obuv_1/ortopedicheskie_polubotinki_demisezon_legkiy_zhenskie_maren_s_49000_1/	/catalog/ortopedicheskaya-obuv/zhenskaya/polubotinki/polubotinki-zhenskie-demisezonnye-solidus-maren.html	301
/catalog/zhenskaya_obuv/filter/vid_izdeliya_1-is-a78555b9-d5bd-11e7-a1cc-873495794725/apply/	/catalog/ortopedicheskaya-obuv/zhenskaya/polusapogi/	301
/catalog/zhenskaya_obuv/botinki_demisezonnye_zhenskie_kerry_stiefel_s_35010_1/	/catalog/ortopedicheskaya-obuv/zhenskaya/polusapogi/polusapogi-demisezonnye-zhenskie-solidus-kerry-stiefel.html	301
/catalog/zhenskaya_obuv/filter/vid_izdeliya_1-is-95dcd008-d5bd-11e7-a1cc-873495794725/apply/	/catalog/ortopedicheskaya-obuv/zhenskaya/sabo/	301
/catalog/zhenskaya_obuv/sabo_professionalnye_afs_assen_02790395/	/catalog/ortopedicheskaya-obuv/zhenskaya/sabo/sabo-vsesezonnye-afs-assen.html	301
/catalog/ortopedicheskaya_obuv_1/sabo_vsesezonnye_basel_zhenskie_s_risunkom/	/catalog/ortopedicheskaya-obuv/zhenskaya/sabo/sabo-vsesezonnye-zhenskie-afs-basel.html	301
/catalog/ortopedicheskaya_obuv_1/sandalii_zhenskie_afs_celle_w_08730316/	/catalog/ortopedicheskaya-obuv/zhenskaya/sabo/sabo-vsesezonnye-zhenskie-afs-celle-belye.html	301
/catalog/ortopedicheskaya_obuv_1/sabo_vsesezonnye_celle_zhenskie_w_08730382/	/catalog/ortopedicheskaya-obuv/zhenskaya/sabo/sabo-vsesezonnye-zhenskie-afs-celle-bezhevye.html	301
/catalog/ortopedicheskaya_obuv_1/sabo_afs_vsesezonnye_leige_zhenskie_w_22730722/	/catalog/ortopedicheskaya-obuv/zhenskaya/sabo/sabo-vsesezonnye-zhenskie-afs-leige.html	301
/catalog/zhenskaya_obuv/cabo_afs_letnie_lemgo_zhenskie_w_23730706/	/catalog/ortopedicheskaya-obuv/zhenskaya/sabo/sabo-vsesezonnye-zhenskie-afs-lemgo-belye.html	301
/catalog/ortopedicheskaya_obuv_1/cabo_afs_letnie_lemgo_zhenskie_w_23730706/	/catalog/ortopedicheskaya-obuv/zhenskaya/sabo/sabo-vsesezonnye-zhenskie-afs-lemgo-sinie.html	301
/catalog/ortopedicheskaya_obuv_1/sabo_vsesezonnye_pavia_zhenskie_w_33730722/	/catalog/ortopedicheskaya-obuv/zhenskaya/sabo/sabo-vsesezonnye-zhenskie-afs-pavia.html	301
/catalog/ortopedicheskaya_obuv_1/sabo_vsesezonnye_rostock_zhenskie_w_54730302/	/catalog/ortopedicheskaya-obuv/zhenskaya/sabo/sabo-vsesezonnye-zhenskie-afs-rostock.html	301
/catalog/ortopedicheskaya_obuv_1/sabo_vsesezonnye_rostock_zhenskie_w_54730322/	/catalog/ortopedicheskaya-obuv/zhenskaya/sabo/sabo-vsesezonnye-zhenskie-afs-rostock.html	301
/catalog/ortopedicheskaya_obuv_1/sandalii_letnie_zhenskie_honey_s_76010_2/	/catalog/ortopedicheskaya-obuv/zhenskaya/sabo/sabo-vsesezonnye-zhenskie-solidus-honey-sinie.html	301
/catalog/ortopedicheskaya_obuv_1/sandalii_letnie_zhenskie_moni_s_74019_1/	/catalog/ortopedicheskaya-obuv/zhenskaya/sabo/sabo-vsesezonnye-zhenskie-solidus-moni.html	301
/catalog/zhenskaya_obuv/sabo_vsesezonnye_special_s_21154_1/	/catalog/ortopedicheskaya-obuv/zhenskaya/sabo/sabo-vsesezonnye-zhenskie-solidus-special-serye.html	301
/catalog/ortopedicheskaya_obuv_1/sabo_vsesezonnye_celle_zhenskie_w_08730372/	/catalog/ortopedicheskaya-obuv/zhenskaya/sabo/sabo-zhenskie-vsesezonnye-afs-celle-belye.html	301
/catalog/ortopedicheskaya_obuv_1/sabo_ortopedicheskie_vsesezonnye_zhenskie_gina_s_24009_3/	/catalog/ortopedicheskaya-obuv/zhenskaya/sabo/sabo-zhenskie-vsesezonnye-solidus-gina-rozovye.html	301
/catalog/zhenskaya_obuv/sabo_vsesezonnye_special_s_24007_1/	/catalog/ortopedicheskaya-obuv/zhenskaya/sabo/sabo-zhenskie-vsesezonnye-solidus-special.html	301
/catalog/zhenskaya_obuv/sabo_vsesezonnye_zhenskie_special_s_21143_1/	/catalog/ortopedicheskaya-obuv/zhenskaya/sabo/sabo-zhenskie-vsesezonnye-solidus-special.html	301
/catalog/zhenskaya_obuv/sabo_vsesezonnye_zhenskie_special_s_21155_1/	/catalog/ortopedicheskaya-obuv/zhenskaya/sabo/sabo-zhenskie-vsesezonnye-solidus-special.html	301
/catalog/zhenskaya_obuv/sabo_vsesezonnye_zhenskie_wellness_special_s_20178_1/	/catalog/ortopedicheskaya-obuv/zhenskaya/sabo/sabo-zhenskie-vsesezonnye-solidus-wellness-special-sinie.html	301
/catalog/zhenskaya_obuv/sandalii_ortopedicheskie_letnie_zhenskie_gina_s_24001_1/	/catalog/ortopedicheskaya-obuv/zhenskaya/sandalii/sandalii-letnie-zhenskie-solidus-gina.html	301
/catalog/ortopedicheskaya_obuv_1/sandalii_letnie_zhenskie_honey_s_76014_3/	/catalog/ortopedicheskaya-obuv/zhenskaya/sandalii/sandalii-letnie-zhenskie-solidus-honey.html	301
/catalog/ortopedicheskaya_obuv_1/zhenskie_ortopedicheskie_bosonozhki_kirsten_s_50002_2/	/catalog/ortopedicheskaya-obuv/zhenskaya/sandalii/sandalii-letnie-zhenskie-solidus-kirsten.html	301
/catalog/ortopedicheskaya_obuv_1/sandalii_ortopedicheskie_letnie_zhenskie_lia_s_73130_1/	/catalog/ortopedicheskaya-obuv/zhenskaya/sandalii/sandalii-letnie-zhenskie-solidus-lia.html	301
/catalog/ortopedicheskaya-obuv/zhenskie-sandalii-solidus-lia-73113-sand.html	/catalog/ortopedicheskaya-obuv/zhenskaya/sandalii/sandalii-letnie-zhenskie-solidus-lia.html	301
/catalog/ortopedicheskaya_obuv_1/sandalii_letnie_zhenskie_moni_s_74029_1/	/catalog/ortopedicheskaya-obuv/zhenskaya/sandalii/sandalii-letnie-zhenskie-solidus-moni.html	301
/catalog/ortopedicheskaya_obuv_1/sandalii_ortopedicheskie_letnie_zhenskie_gina_s_24017_1/	/catalog/ortopedicheskaya-obuv/zhenskaya/sandalii/sandalii-zhenskie-letnie-solidus-gina.html	301
/catalog/zhenskaya_obuv/sandalii_ortopedicheskie_letnie_zhenskie_gina_s_24011_1/	/catalog/ortopedicheskaya-obuv/zhenskaya/sandalii/sandalii-zhenskie-letnie-solidus-gina.html	301
/catalog/zhenskaya_obuv/sandalii_letnie_zhenskie_happy_s_23006_1/	/catalog/ortopedicheskaya-obuv/zhenskaya/sandalii/sandalii-zhenskie-letnie-solidus-happy.html	301
/catalog/ortopedicheskaya_i_komfortnaya_obuv/sandalii_letnie_zhenskie_honey_s_76014_2/	/catalog/ortopedicheskaya-obuv/zhenskaya/sandalii/sandalii-zhenskie-letnie-solidus-honey.html	301
/catalog/ortopedicheskaya_obuv_1/sandalii_letnie_zhenskie_honey_s_76010_1/	/catalog/ortopedicheskaya-obuv/zhenskaya/sandalii/sandalii-zhenskie-letnie-solidus-honey-belye.html	301
/catalog/ortopedicheskaya_obuv_1/sabo_vsesezonnye_zhenskie_kirsten_s_50003_1/	/catalog/ortopedicheskaya-obuv/zhenskaya/sandalii/sandalii-zhenskie-letnie-solidus-kirsten.html	301
/catalog/ortopedicheskaya_obuv_1/zhenskie_ortopedicheskie_bosonozhki_kirsten_s_50002_1/	/catalog/ortopedicheskaya-obuv/zhenskaya/sandalii/sandalii-zhenskie-letnie-solidus-kirsten.html	301
/catalog/ortopedicheskaya_obuv_1/sandalii_letnie_zhenskie_lia_solicare_soft_s_73500_4/	/catalog/ortopedicheskaya-obuv/zhenskaya/sandalii/sandalii-zhenskie-letnie-solidus-lia-solicare-soft.html	301
/catalog/ortopedicheskaya_obuv_1/sandalii_letnie_zhenskie_lia_solicare_soft_s_73500_2/	/catalog/ortopedicheskaya-obuv/zhenskaya/sandalii/sandalii-zhenskie-letnie-solidus-lia-solicare-soft-serye.html	301
/catalog/ortopedicheskaya_obuv_1/sandalii_letnie_zhenskie_lia_solicare_soft_s_73500_3/	/catalog/ortopedicheskaya-obuv/zhenskaya/sandalii/sandalii-zhenskie-letnie-solidus-lia-solicare-soft-serye.html	301
/catalog/ortopedicheskaya_i_komfortnaya_obuv/sandalii_letnie_zhenskie_moni_s_74025_5/	/catalog/ortopedicheskaya-obuv/zhenskaya/sandalii/sandalii-zhenskie-letnie-solidus-moni.html	301
/catalog/zhenskaya_obuv/filter/vid_izdeliya_1-is-8516be69-d5bd-11e7-a1cc-873495794725/apply/	/catalog/ortopedicheskaya-obuv/zhenskaya/tufli/	301
/catalog/ortopedicheskaya_obuv_1/tufli_ortopedicheskie_zhenskie_kate_solicare_soft_s_29503_5/	/catalog/ortopedicheskaya-obuv/zhenskaya/tufli/tufli-vsesezonnye-zhenskie-solidus-kate-solicare-soft.html	301
/catalog/zhenskaya_obuv/tufli_ortopedicheskie_zhenskie_kate_solicare_soft_s_29503_2/	/catalog/ortopedicheskaya-obuv/zhenskaya/tufli/tufli-vsesezonnye-zhenskie-solidus-kate-solicare-soft.html	301
/catalog/ortopedicheskaya-obuv/zhenskie-tufli-semler-nancy-black.html	/catalog/ortopedicheskaya-obuv/zhenskaya/tufli/tufli-zhenskie-letnie-solidus-karo.html	301
/catalog/novogodnie-skidki-do-30/zhenskie-baletki-meisi-kelly-blue.html	/catalog/ortopedicheskaya-obuv/zhenskaya/tufli/tufli-zhenskie-letnie-solidus-karo-sinie.html	301
/catalog/ortopedicheskaya_obuv_1/polubotinki_letnie_zhenskie_hedda_s_26371_1/	/catalog/ortopedicheskaya-obuv/zhenskaya/tufli/tufli-zhenskie-vsesezonnye-solidus-hedda-solicare-soft.html	301
/catalog/ortopedicheskaya_obuv_1/tufli_ortopedicheskie_zhenskie_kate_s_29013_2/	/catalog/ortopedicheskaya-obuv/zhenskaya/tufli/tufli-zhenskie-vsesezonnye-solidus-kate.html	301
/catalog/ortopedicheskie_stelki_igli_i_korrektory_stopy/filter/naznachenie-is-9a8bfbe4-d5a8-11e7-a1cc-873495794725-or-c96d18fd-d5a8-11e7-a1cc-873495794725-or-8e2260d6-fb84-11e7-ab4e-df2a5213ff1a/apply/	/catalog/ortopedicheskie-stelki/	301
/catalog/ortopedicheskie_stelki_igli_i_korrektory_stopy/filter/vid_izdeliya_1-is-72a4bdd6-6589-11e8-80fb-6cae8b7d58ba/apply/	/catalog/ortopedicheskie-stelki/	301
/catalog/ortopedicheskie_stelki_igli_i_korrektory_stopy/filter/vid_izdeliya_1-is-72a4bdd6-6589-11e8-80fb-6cae8b7d58ba/pol_2-is-dc8273a5-761d-11e8-80fc-6cae8b7d58ba-or-d523db65-8bfb-11e8-80fc-6cae8b7d58ba/apply/	/catalog/ortopedicheskie-stelki/filter/for_who-is-4f58682c-9343-11e9-8110-e03f49499b1d/apply/	301
/catalog/ortopedicheskie_stelki_igli_i_korrektory_stopy/filter/naznachenie-is-6ce98888-fb85-11e7-ab4e-df2a5213ff1a/apply/	/catalog/ortopedicheskie-stelki/filter/product_type-is-1d5a9e66-7cad-11e9-810f-e03f49499b1d-or-2a6e0f9c-7cad-11e9-810f-e03f49499b1d/apply/	301
/catalog/ortopedicheskie_stelki_igli_i_korrektory_stopy/filter/pol_2-is-e36b97e3-761d-11e8-80fc-6cae8b7d58ba-or-d523db65-8bfb-11e8-80fc-6cae8b7d58ba/apply/	/catalog/ortopedicheskie-stelki/filter/product_type-is-1d5a9e66-7cad-11e9-810f-e03f49499b1d-or-2a6e0f9c-7cad-11e9-810f-e03f49499b1d/for_who-is-4f58682d-9343-11e9-8110-e03f49499b1d/apply/	301
/catalog/ortopedicheskie_stelki_igli_i_korrektory_stopy/filter/naznachenie-is-7d38f023-ff4a-11e7-ab4e-df2a5213ff1a/apply/	/catalog/ortopedicheskie-stelki/filter/series-is-195f79dd-9344-11e9-8110-e03f49499b1d-or-6f4d14ed-9344-11e9-8110-e03f49499b1d/apply/	301
/catalog/ortopedicheskie_stelki_igli_i_korrektory_stopy/filter/naznachenie-is-7d38f024-ff4a-11e7-ab4e-df2a5213ff1a-or-a0120aa4-ff4a-11e7-ab4e-df2a5213ff1a/apply/	/catalog/ortopedicheskie-stelki/filter/series-is-fe837171-9343-11e9-8110-e03f49499b1d-or-054e98c6-9344-11e9-8110-e03f49499b1d/apply/	301
/catalog/ortopedicheskie_stelki_igli_i_korrektory_stopy/filter/naznachenie-is-c96d18fd-d5a8-11e7-a1cc-873495794725/apply/	/catalog/ortopedicheskie-stelki/individualnye-stelki/	301
/catalog/ortopedicheskie_stelki_igli_i_korrektory_stopy/filter/naznachenie-is-a05b8fe5-fb84-11e7-ab4e-df2a5213ff1a/apply/	/catalog/ortopedicheskie-stelki/individualnye-stelki/stelka-ortopedicheskaya-igli-heel-spur-light-s-myagkoy-pyatochnoy-zonoy.html	301
/catalog/ortopedicheskie_stelki_igli_i_korrektory_stopy/filter/vozrastnaya_gruppa-is-822fda7d-d5bf-11e7-a1cc-873495794725/apply/	/catalog/ortopedicheskie-stelki/kids/	301
/catalog/korrektory_stopy_i_vkladyshi/filter/vid_izdeliya_1-is-f3252c66-5cd3-11e8-80fb-6cae8b7d58ba/apply/	/catalog/ortopedicheskie-stelki/korrektory-stopy/	301
/catalog/korrektory_stopy_i_vkladyshi/metatarzalnaya_podkladka_protect_metatarsal_cushion/	/catalog/ortopedicheskie-stelki/korrektory-stopy/metatarzalnaya-podkladka-protect-metatarsal-cushion.html	301
/catalog/novogodnie-skidki-do-30/mezhpaltsevaya-peregorodka-protect-toe-separator.html	/catalog/ortopedicheskie-stelki/korrektory-stopy/mezhpaltsevaya-peregorodka-protect-toe-separator.html	301
/catalog/seriynye_ortopedicheskie_stelki/filter/naznachenie-is-7d38f024-ff4a-11e7-ab4e-df2a5213ff1a-or-a0120aa4-ff4a-11e7-ab4e-df2a5213ff1a-or-af224f8b-ff4a-11e7-ab4e-df2a5213ff1a/apply/	/catalog/ortopedicheskie-stelki/seriynye-stelki/	301
/catalog/bandazhi_ortezy_korsety_tutory_shiny/filter/vid_izdeliya_1-is-ccb86e9b-d5bd-11e7-a1cc-873495794725/apply/	/catalog/ortopediya/bandazhi/	301
/catalog/bandazhi_ortezy_korsety_tutory_shiny/filter/vid_izdeliya_1-is-ccb86e9b-d5bd-11e7-a1cc-873495794725-or-d4f8d3b8-d5bd-11e7-a1cc-873495794725/apply/	/catalog/ortopediya/bandazhi/	301
/catalog/bandazhi_ortezy_korsety_tutory_shiny/filter/vid_izdeliya_1-is-ccb86e9b-d5bd-11e7-a1cc-873495794725/naznachenie-is-9f1ea156-d5ab-11e7-a1cc-873495794725/apply/	/catalog/ortopediya/bandazhi/bandazhi-golenostopnogo-sustava/	301
/catalog/golenostopnyy_sustav_i_stopa/filter/vid_izdeliya_1-is-ccb86e9b-d5bd-11e7-a1cc-873495794725/apply/	/catalog/ortopediya/bandazhi/bandazhi-golenostopnogo-sustava/	301
/catalog/golenostopnyy_sustav_i_stopa/bandazh_na_golenostop_s_silikonovymi_vkladyshami_levamed_e_motion/	/catalog/ortopediya/bandazhi/bandazhi-golenostopnogo-sustava/bandazh-golenostopnyy-levamed-e-motion-s-silikonovymi-vkladyshami.html	301
/catalog/bandazhi_ortezy_korsety_tutory_shiny/filter/vid_izdeliya_1-is-ccb86e9b-d5bd-11e7-a1cc-873495794725/naznachenie-is-8c4ed562-d5ab-11e7-a1cc-873495794725/brend-is-c8fec17d-d5c1-11e7-a1cc-873495794725/apply/	/catalog/ortopediya/bandazhi/bandazhi-spiny-i-poyasnitsy/	301
/catalog/pozvonochnik_i_poyasnitsa/filter/vid_izdeliya_1-is-ccb86e9b-d5bd-11e7-a1cc-873495794725-or-d4f8d3b8-d5bd-11e7-a1cc-873495794725/apply/	/catalog/ortopediya/bandazhi/bandazhi-spiny-i-poyasnitsy/	301
/catalog/pakhovye_i_abdominalnye_bandazhi/bandazh_abdominalnyy_posleoperatsionnyy_thuasne/	/catalog/ortopediya/bandazhi/bandazhi-spiny-i-poyasnitsy/bandazh-abdominalnyy-posleoperatsionnyy-dynabelt.html	301
/catalog/pakhovye_i_abdominalnye_bandazhi/bandazh_posleoperatsionnyy_abdominalnyy_protect_abdominal_support/	/catalog/ortopediya/bandazhi/bandazhi-spiny-i-poyasnitsy/bandazh-abdominalnyy-posleoperatsionnyy-protect-abdominal-support.html	301
/catalog/pakhovye_i_abdominalnye_bandazhi/bandazh_abdominalnyy_posleoperatsionnyy_stomex/	/catalog/ortopediya/bandazhi/bandazhi-spiny-i-poyasnitsy/bandazh-abdominalnyy-posleoperatsionnyy-stomex.html	301
/catalog/pakhovye_i_abdominalnye_bandazhi/bandazh_posleoperatsionnyy_dlya_stomy_trives_t_1336/	/catalog/ortopediya/bandazhi/bandazhi-spiny-i-poyasnitsy/bandazh-dlya-stomy-posleoperatsionnyy-trives.html	301
/catalog/bandazhi_ortezy_korsety_tutory_shiny/bandazh_korset_poyasnichnyy_nabornyy_lumbamed_disc_1/	/catalog/ortopediya/bandazhi/bandazhi-spiny-i-poyasnitsy/bandazh-poyasnichnyy-lumbamed-disc-muzhskoy.html	301
/catalog/pozvonochnik_i_poyasnitsa/bandazh_poyasnichnyy_s_vkladyshem_vario_flex_lumbamed_plus_e_motion/	/catalog/ortopediya/bandazhi/bandazhi-spiny-i-poyasnitsy/bandazh-poyasnichnyy-lumbamed-plus-e-motion-s-vkladyshem-vario-flex.html	301
/catalog/pozvonochnik_i_poyasnitsa/bandazh_protivoradikulitnyy_sogrevayushchiy_trives_t_1682/	/catalog/ortopediya/bandazhi/bandazhi-spiny-i-poyasnitsy/bandazh-poyasnichnyy-protivoradikulitnyy-trives.html	301
/catalog/ortopedicheskie_izdeliya_dlya_detey/filter/vid_izdeliya_1-is-ccb86e9b-d5bd-11e7-a1cc-873495794725/apply/	/catalog/ortopediya/bandazhi/kids/	301
/catalog/bandazhi_ortezy_korsety_tutory_shiny/filter/vid_izdeliya_1-is-ccb86e9b-d5bd-11e7-a1cc-873495794725/naznachenie-is-931c4423-d5ab-11e7-a1cc-873495794725/apply/	/catalog/ortopediya/bandazhi/kolennye-bandazhi/	301
/catalog/kolennyy_sustav/filter/vid_izdeliya_1-is-ccb86e9b-d5bd-11e7-a1cc-873495794725/apply/	/catalog/ortopediya/bandazhi/kolennye-bandazhi/	301
/catalog/kolennyy_sustav/filter/vid_izdeliya_1-is-ccb86e9b-d5bd-11e7-a1cc-873495794725-or-edc5ea21-d5bd-11e7-a1cc-873495794725/apply/	/catalog/ortopediya/bandazhi/kolennye-bandazhi/	301
/catalog/kolennyy_sustav/bandazh_kolennyy_genumedi_e_motion/	/catalog/ortopediya/bandazhi/kolennye-bandazhi/bandazh-kolennyy-genumedi-e-motion.html	301
/catalog/luchezapyastnyy_sustav_i_kist/filter/vid_izdeliya_1-is-ccb86e9b-d5bd-11e7-a1cc-873495794725/apply/	/catalog/ortopediya/bandazhi/luchezapyastnye-bandazhi/	301
/catalog/pakhovye_i_abdominalnye_bandazhi/filter/naznachenie-is-cd55725a-f3a2-11e8-8100-6cae8b7d58ba/apply/	/catalog/ortopediya/bandazhi/pakhovye-bandazhi/	301
/catalog/bandazhi_ortezy_korsety_tutory_shiny/filter/vid_izdeliya_1-is-ccb86e9b-d5bd-11e7-a1cc-873495794725/naznachenie-is-9f1ea157-d5ab-11e7-a1cc-873495794725/apply/	/catalog/ortopediya/bandazhi/plechevye-i-loktevye-bandazhi/	301
/catalog/bandazhi_ortezy_korsety_tutory_shiny/filter/vid_izdeliya_1-is-ccb86e9b-d5bd-11e7-a1cc-873495794725/naznachenie-is-a98ceb20-d5ab-11e7-a1cc-873495794725/apply/	/catalog/ortopediya/bandazhi/plechevye-i-loktevye-bandazhi/	301
/catalog/loktevoy_sustav_plecho_klyuchitsa/filter/vid_izdeliya_1-is-ccb86e9b-d5bd-11e7-a1cc-873495794725/apply/	/catalog/ortopediya/bandazhi/plechevye-i-loktevye-bandazhi/	301
/catalog/loktevoy_sustav_plecho_klyuchitsa/filter/vid_izdeliya_1-is-ccb86e9b-d5bd-11e7-a1cc-873495794725-or-edc5ea21-d5bd-11e7-a1cc-873495794725-or-0493cdab-d5be-11e7-a1cc-873495794725/apply/	/catalog/ortopediya/bandazhi/plechevye-i-loktevye-bandazhi/	301
/catalog/plechevoy_sustav_i_klyuchitsa/filter/vid_izdeliya_1-is-ccb86e9b-d5bd-11e7-a1cc-873495794725/apply/	/catalog/ortopediya/bandazhi/plechevye-i-loktevye-bandazhi/	301
/catalog/plechevoy_sustav_i_klyuchitsa/filter/vid_izdeliya_1-is-ccb86e9b-d5bd-11e7-a1cc-873495794725/vozrastnaya_gruppa-is-822fda7c-d5bf-11e7-a1cc-873495794725/apply/	/catalog/ortopediya/bandazhi/plechevye-i-loktevye-bandazhi/	301
/catalog/loktevoy_sustav_plecho_klyuchitsa/bandazh_loktevoy_s_silikonovymi_vkladyshami_epicomed_e_motion/	/catalog/ortopediya/bandazhi/plechevye-i-loktevye-bandazhi/bandazh-loktevoy-epicomed-e-motion-s-silikonovymi-vkladyshami.html	301
/catalog/bandazhi_ortezy_korsety_tutory_shiny/filter/vid_izdeliya_1-is-def06525-d5bd-11e7-a1cc-873495794725-or-edc5ea21-d5bd-11e7-a1cc-873495794725/apply/	/catalog/ortopediya/filter/product_type-is-90d00bcb-9439-11e9-8110-e03f49499b1d-or-b5eb3186-9439-11e9-8110-e03f49499b1d/apply/	301
/catalog/luchezapyastnyy_sustav_i_kist/filter/vid_izdeliya_1-is-def06525-d5bd-11e7-a1cc-873495794725-or-edc5ea21-d5bd-11e7-a1cc-873495794725/apply/	/catalog/ortopediya/filter/product_type-is-b5eb3186-9439-11e9-8110-e03f49499b1d/body_part-is-7f7867cf-9441-11e9-8110-e03f49499b1d-or-77eeced9-9441-11e9-8110-e03f49499b1d/apply/	301
/catalog/bandazhi_ortezy_korsety_tutory_shiny/filter/vid_izdeliya_1-is-d4f8d3b8-d5bd-11e7-a1cc-873495794725/apply/	/catalog/ortopediya/filter/product_type-is-b8c74665-c4db-11e9-8114-e03f49499b1d/apply/	301
/catalog/bandazhi_ortezy_korsety_tutory_shiny/filter/vid_izdeliya_1-is-d4f8d3b8-d5bd-11e7-a1cc-873495794725/naznachenie-is-8398a24c-d5ab-11e7-a1cc-873495794725/apply/	/catalog/ortopediya/filter/product_type-is-b8c74665-c4db-11e9-8114-e03f49499b1d/apply/	301
/catalog/pozvonochnik_i_poyasnitsa/filter/vid_izdeliya_1-is-d4f8d3b8-d5bd-11e7-a1cc-873495794725/apply/	/catalog/ortopediya/filter/product_type-is-b8c74665-c4db-11e9-8114-e03f49499b1d/apply/	301
/catalog/ortopedicheskie_izdeliya_dlya_detey/filter/vid_izdeliya_1-is-def06525-d5bd-11e7-a1cc-873495794725/apply/	/catalog/ortopediya/ortezy/kids/	301
/catalog/ortopedicheskie_izdeliya_dlya_detey/filter/vid_izdeliya_1-is-def06525-d5bd-11e7-a1cc-873495794725-or-edc5ea21-d5bd-11e7-a1cc-873495794725/apply/	/catalog/ortopediya/ortezy/kids/	301
/catalog/bandazhi_ortezy_korsety_tutory_shiny/filter/vid_izdeliya_1-is-def06525-d5bd-11e7-a1cc-873495794725/naznachenie-is-931c4423-d5ab-11e7-a1cc-873495794725/apply/	/catalog/ortopediya/ortezy/kolennye-ortezy/	301
/catalog/kolennyy_sustav/filter/vid_izdeliya_1-is-def06525-d5bd-11e7-a1cc-873495794725/apply/	/catalog/ortopediya/ortezy/kolennye-ortezy/	301
/catalog/bandazhi_ortezy_korsety_tutory_shiny/filter/vid_izdeliya_1-is-def06525-d5bd-11e7-a1cc-873495794725/naznachenie-is-9f1ea157-d5ab-11e7-a1cc-873495794725/apply/	/catalog/ortopediya/ortezy/loktevye-ortezy/	301
/catalog/bandazhi_ortezy_korsety_tutory_shiny/filter/vid_izdeliya_1-is-def06525-d5bd-11e7-a1cc-873495794725/naznachenie-is-9f1ea157-d5ab-11e7-a1cc-873495794725/vozrastnaya_gruppa-is-822fda7c-d5bf-11e7-a1cc-873495794725/apply/	/catalog/ortopediya/ortezy/ortez-loktevoy-reguliruemyy-zhyestkiy-medi-epico-roms.html	301
/catalog/bandazhi_ortezy_korsety_tutory_shiny/filter/vid_izdeliya_1-is-def06525-d5bd-11e7-a1cc-873495794725/naznachenie-is-9f1ea156-d5ab-11e7-a1cc-873495794725/apply/	/catalog/ortopediya/ortezy/ortezy-golenostopnogo-sustava-i-stopy/	301
/catalog/bandazhi_ortezy_korsety_tutory_shiny/filter/vid_izdeliya_1-is-def06525-d5bd-11e7-a1cc-873495794725-or-edc5ea21-d5bd-11e7-a1cc-873495794725/naznachenie-is-9f1ea156-d5ab-11e7-a1cc-873495794725/apply/	/catalog/ortopediya/ortezy/ortezy-golenostopnogo-sustava-i-stopy/	301
/catalog/golenostopnyy_sustav_i_stopa/filter/vid_izdeliya_1-is-def06525-d5bd-11e7-a1cc-873495794725/apply/	/catalog/ortopediya/ortezy/ortezy-golenostopnogo-sustava-i-stopy/	301
/catalog/ortopedicheskie_izdeliya_dlya_detey/filter/vid_izdeliya_1-is-def06525-d5bd-11e7-a1cc-873495794725/naznachenie-is-931c4423-d5ab-11e7-a1cc-873495794725-or-9f1ea156-d5ab-11e7-a1cc-873495794725/apply/	/catalog/ortopediya/ortezy/ortezy-golenostopnogo-sustava-i-stopy/filter/for_who-is-5eca3389-9343-11e9-8110-e03f49499b1d-or-65d7783c-9343-11e9-8110-e03f49499b1d/apply/	301
/catalog/bandazhi_ortezy_korsety_tutory_shiny/filter/vid_izdeliya_1-is-def06525-d5bd-11e7-a1cc-873495794725/naznachenie-is-8398a24b-d5ab-11e7-a1cc-873495794725/apply/	/catalog/ortopediya/ortezy/sheynye-ortezy/	301
/catalog/bandazhi_ortezy_korsety_tutory_shiny/filter/vid_izdeliya_1-is-def06525-d5bd-11e7-a1cc-873495794725-or-edc5ea21-d5bd-11e7-a1cc-873495794725/naznachenie-is-8398a24b-d5ab-11e7-a1cc-873495794725/apply/	/catalog/ortopediya/ortezy/sheynye-ortezy/	301
/catalog/bandazhi_ortezy_korsety_tutory_shiny/filter/vid_izdeliya_1-is-edc5ea21-d5bd-11e7-a1cc-873495794725/naznachenie-is-8398a24b-d5ab-11e7-a1cc-873495794725/apply/	/catalog/ortopediya/ortezy/sheynye-ortezy/	301
/catalog/bandazhi_ortezy_korsety_tutory_shiny/filter/vid_izdeliya_1-is-f99c54b0-d5bd-11e7-a1cc-873495794725/apply/	/catalog/ortopediya/ortezy/sheynye-ortezy/	301
/catalog/pozvonochnik_i_poyasnitsa/filter/vid_izdeliya_1-is-f99c54b0-d5bd-11e7-a1cc-873495794725/apply/	/catalog/ortopediya/ortezy/sheynye-ortezy/	301
/catalog/bandazhi_ortezy_korsety_tutory_shiny/filter/vid_izdeliya_1-is-def06525-d5bd-11e7-a1cc-873495794725-or-edc5ea21-d5bd-11e7-a1cc-873495794725/naznachenie-is-9f1ea156-d5ab-11e7-a1cc-873495794725-or-b1a5ca7a-d5ab-11e7-a1cc-873495794725/apply/	/catalog/ortopediya/shiny/	301
/catalog/bandazhi_ortezy_korsety_tutory_shiny/filter/vid_izdeliya_1-is-edc5ea21-d5bd-11e7-a1cc-873495794725/apply/	/catalog/ortopediya/shiny/	301
/catalog/bandazhi_ortezy_korsety_tutory_shiny/filter/vid_izdeliya_1-is-edc5ea21-d5bd-11e7-a1cc-873495794725/naznachenie-is-a98ceb20-d5ab-11e7-a1cc-873495794725/apply/	/catalog/ortopediya/shiny/	301
/catalog/bandazhi_ortezy_korsety_tutory_shiny/filter/vid_izdeliya_1-is-edc5ea21-d5bd-11e7-a1cc-873495794725/naznachenie-is-b1a5ca7a-d5ab-11e7-a1cc-873495794725/apply/	/catalog/ortopediya/shiny/	301
/catalog/ortopedicheskie_izdeliya_dlya_detey/filter/vid_izdeliya_1-is-edc5ea21-d5bd-11e7-a1cc-873495794725/apply/	/catalog/ortopediya/shiny/kids/	301
/catalog/bandazhi_ortezy_korsety_tutory_shiny/filter/vid_izdeliya_1-is-edc5ea21-d5bd-11e7-a1cc-873495794725/naznachenie-is-931c4423-d5ab-11e7-a1cc-873495794725/apply/	/catalog/ortopediya/shiny/kolennye-shiny/	301
/catalog/bandazhi_ortezy_korsety_tutory_shiny/filter/vid_izdeliya_1-is-def06525-d5bd-11e7-a1cc-873495794725-or-edc5ea21-d5bd-11e7-a1cc-873495794725/naznachenie-is-b1a5ca7a-d5ab-11e7-a1cc-873495794725/apply/	/catalog/ortopediya/shiny/luchezapyastnye-shiny/	301
/catalog/bandazhi_ortezy_korsety_tutory_shiny/filter/vid_izdeliya_1-is-def06525-d5bd-11e7-a1cc-873495794725-or-edc5ea21-d5bd-11e7-a1cc-873495794725/naznachenie-is-a98ceb20-d5ab-11e7-a1cc-873495794725/apply/	/catalog/ortopediya/shiny/plechevye-shiny/	301
/catalog/plechevoy_sustav_i_klyuchitsa/filter/vid_izdeliya_1-is-ccb86e9b-d5bd-11e7-a1cc-873495794725-or-edc5ea21-d5bd-11e7-a1cc-873495794725/vozrastnaya_gruppa-is-822fda7c-d5bf-11e7-a1cc-873495794725/apply/	/catalog/ortopediya/shiny/plechevye-shiny/	301
/catalog/plechevoy_sustav_i_klyuchitsa/filter/vid_izdeliya_1-is-edc5ea21-d5bd-11e7-a1cc-873495794725/apply/	/catalog/ortopediya/shiny/plechevye-shiny/	301
/catalog/ortopedicheskie_izdeliya_dlya_detey/filter/vid_izdeliya_1-is-f99c54b0-d5bd-11e7-a1cc-873495794725/apply/	/catalog/ortopediya/shiny/sheynye-shiny/sheynyy-vorotnik-protect-collar-soft-detskiy.html	301
/catalog/palki_dlya_khodby/nakonechniki_dlya_teleskopicheskikh_palok/	/catalog/sredstva-reabilitatsii/nakonechniki-dlya-teleskopicheskikh-palok.html	301
/catalog/ekzoprotezy_i_belye_posle_mastektomii/filter/vid_izdeliya_1-is-abacf4c3-634e-11e8-80fb-6cae8b7d58ba/apply/	/catalog/tovary-posle-mastektomii/ekzoprotezy/	301
/catalog/ekzoprotezy_i_belye_posle_mastektomii/filter/vid_izdeliya_1-is-115912ac-0435-11e9-8103-6cae8b7d58ba/apply/	/catalog/tovary-posle-mastektomii/filter/product_type-is-f4bd0ab5-7cac-11e9-810f-e03f49499b1d/apply/	301
/catalog/kupalniki_posle_mastektomii/kupalnik_anita_into_the_pool_krabi/	/catalog/tovary-posle-mastektomii/kupalniki/kupalnik-anita-into-the-pool-krabi.html	301
/catalog/kupalniki_posle_mastektomii/kupalnik_posle_mastektomii_austin_an_6204/	/catalog/tovary-posle-mastektomii/kupalniki/kupalnik-anita-trip-to-bali-medellin.html	301
/catalog/kupalniki_posle_mastektomii/kupalnik_posle_mastektomii_modellin_an_6224/	/catalog/tovary-posle-mastektomii/kupalniki/kupalnik-anita-trip-to-bali-medellin.html	301
/catalog/ekzoprotezy_i_belye_posle_mastektomii/filter/vid_izdeliya_1-is-1b8d2ca3-d5ac-11e7-a1cc-873495794725-or-1b8d2ca4-d5ac-11e7-a1cc-873495794725/apply/	/catalog/tovary-posle-mastektomii/limfologicheskie-rukava-perchatki/	301
/catalog/ekzoprotezy_i_belye_posle_mastektomii/filter/vid_izdeliya_1-is-a53fc8e7-634e-11e8-80fb-6cae8b7d58ba/apply/	/catalog/tovary-posle-mastektomii/nizhnee-belye/	301
/catalog/byustgaltery_posle_mastektomii/byustgalter_dlya_fiksatsii_ekzoproteza_an_5706/	/catalog/tovary-posle-mastektomii/nizhnee-belye/byustgalter-dlya-fiksatsii-ekzoproteza-an-5349-7.html	301
/catalog/byustgaltery_posle_mastektomii/trusy_safina_bezhevye/	/catalog/tovary-posle-mastektomii/nizhnee-belye/trusy-anita-safina-bezhevye.html	301
/catalog/osnovnoy_sloy/c843m_funktsionalnaya_futbolka_s_dlinnym_rukavom_cep_dlya_bega_muzhskaya/	/odezhda-dlya-sporta/futbolki-polo/muzhskaya-futbolka-s-dlinnym-rukavom-cep-dlya-bega.html	301
/catalog/korrektory_stopy_i_vkladyshi/gelevo_tkanevaya_podushechka_dlya_stopy_bort/	/ortopedicheskie-stelki/korrektory-stopy/gelevyy-protektor-dlya-paltsev-stopy-bort.html	301
/catalog/plechevoy_sustav_i_klyuchitsa/bandazh_plechevoy_immobiliziruyushchiy_medi_shoulder_sling/	/ortopediya/bandazhi/plechevye-i-loktevye-bandazhi/bandazh-plechevoy-immobiliziruyushchiy-medi-shoulder-sling.html	301
/about/howto/	/service/howtobuy/	301
/catalog/ortopedicheskaya_obuv_1/candalii_afs_zhenskie_lemgo_w_23730339/	/catalog/ortopedicheskaya-obuv/	301
/privacy-policy/	/legality/policy/	301
/stock/insoles-aip21/	/services/izgotovlenie-ortopedicheskikh-stelek/	301
/brands/igli/	/services/izgotovlenie-ortopedicheskikh-stelek/	301
/brands/igli/about/	/services/izgotovlenie-ortopedicheskikh-stelek/	301
